"SNP","effect_allele.exposure","other_allele.exposure","effect_allele.outcome","other_allele.outcome","beta.exposure","beta.outcome","eaf.exposure","eaf.outcome","remove","palindromic","ambiguous","id.outcome","chr","pos","se.outcome","samplesize.outcome","pval.outcome","outcome","originalname.outcome","outcome.deprecated","mr_keep.outcome","data_source.outcome","proxy.outcome","target_snp.outcome","proxy_snp.outcome","target_a1.outcome","target_a2.outcome","proxy_a1.outcome","proxy_a2.outcome","pval.exposure","chr.exposure","se.exposure","samplesize.exposure","pos.exposure","id.exposure","exposure","mr_keep.exposure","pval_origin.exposure","data_source.exposure","action","mr_keep"
"rs10059884","A","C","A","C",0.0136839,-6e-04,0.59617,0.596461,FALSE,FALSE,FALSE,"ebi-a-GCST006867","5","32832474",0.008,62892,0.9431,"Type 2 diabetes || id:ebi-a-GCST006867","Type 2 diabetes","Type 2 diabetes ||  || ",TRUE,"igd",NA,NA,NA,NA,NA,NA,NA,2.49977e-49,"5",0.000926787,461880,32832474,"ukb-b-14177","Vascular/heart problems diagnosed by doctor: High blood pressure || id:ukb-b-14177",TRUE,"reported","igd",2,TRUE
"rs10061288","G","A","G","A",-0.00692384,0.0026,0.515201,0.513486,FALSE,FALSE,FALSE,"ebi-a-GCST006867","5","114389826",0.0079,62892,0.7433,"Type 2 diabetes || id:ebi-a-GCST006867","Type 2 diabetes","Type 2 diabetes ||  || ",TRUE,"igd",NA,NA,NA,NA,NA,NA,NA,2.80027e-14,"5",0.000910121,461880,114389826,"ukb-b-14177","Vascular/heart problems diagnosed by doctor: High blood pressure || id:ukb-b-14177",TRUE,"reported","igd",2,TRUE
"rs1009358","C","T","C","T",-0.00553593,-0.0545,0.376165,0.377278,FALSE,FALSE,FALSE,"ebi-a-GCST006867","2","65276452",0.008,62892,9.8107e-12,"Type 2 diabetes || id:ebi-a-GCST006867","Type 2 diabetes","Type 2 diabetes ||  || ",TRUE,"igd",NA,NA,NA,NA,NA,NA,NA,3.29997e-09,"2",0.000936087,461880,65276452,"ukb-b-14177","Vascular/heart problems diagnosed by doctor: High blood pressure || id:ukb-b-14177",TRUE,"reported","igd",2,TRUE
"rs10500326","T","G","T","G",-0.0081246,0.0091,0.236408,0.23665,FALSE,FALSE,FALSE,"ebi-a-GCST006867","16","4918326",0.0091,62892,0.3213,"Type 2 diabetes || id:ebi-a-GCST006867","Type 2 diabetes","Type 2 diabetes ||  || ",TRUE,"igd",NA,NA,NA,NA,NA,NA,NA,3.50026e-14,"16",0.00107193,461880,4918326,"ukb-b-14177","Vascular/heart problems diagnosed by doctor: High blood pressure || id:ukb-b-14177",TRUE,"reported","igd",2,TRUE
"rs10832586","C","A","C","A",0.0109609,0.0168,0.203213,0.203275,FALSE,FALSE,FALSE,"ebi-a-GCST006867","11","16304089",0.0097,62892,0.0832895,"Type 2 diabetes || id:ebi-a-GCST006867","Type 2 diabetes","Type 2 diabetes ||  || ",TRUE,"igd",NA,NA,NA,NA,NA,NA,NA,3.29989e-22,"11",0.00113114,461880,16304089,"ukb-b-14177","Vascular/heart problems diagnosed by doctor: High blood pressure || id:ukb-b-14177",TRUE,"reported","igd",2,TRUE
"rs10889958","T","A","T","A",0.00512883,0.0169,0.610284,0.610715,FALSE,TRUE,FALSE,"ebi-a-GCST006867","1","72956535",0.0083,62892,0.0409496,"Type 2 diabetes || id:ebi-a-GCST006867","Type 2 diabetes","Type 2 diabetes ||  || ",TRUE,"igd",NA,NA,NA,NA,NA,NA,NA,4.09996e-08,"1",0.000934793,461880,72956535,"ukb-b-14177","Vascular/heart problems diagnosed by doctor: High blood pressure || id:ukb-b-14177",TRUE,"reported","igd",2,TRUE
"rs10931284","T","C","T","C",0.00522001,0.0084,0.636343,0.633376,FALSE,FALSE,FALSE,"ebi-a-GCST006867","2","188211610",0.0081,62892,0.3036,"Type 2 diabetes || id:ebi-a-GCST006867","Type 2 diabetes","Type 2 diabetes ||  || ",TRUE,"igd",NA,NA,NA,NA,NA,NA,NA,3.40001e-08,"2",0.000945315,461880,188211610,"ukb-b-14177","Vascular/heart problems diagnosed by doctor: High blood pressure || id:ukb-b-14177",TRUE,"reported","igd",2,TRUE
"rs10995311","G","C","G","C",-0.00736043,-0.0209,0.445101,0.444511,FALSE,TRUE,TRUE,"ebi-a-GCST006867","10","64564934",0.0079,62892,0.00824404,"Type 2 diabetes || id:ebi-a-GCST006867","Type 2 diabetes","Type 2 diabetes ||  || ",TRUE,"igd",NA,NA,NA,NA,NA,NA,NA,1.10002e-15,"10",0.000918663,461880,64564934,"ukb-b-14177","Vascular/heart problems diagnosed by doctor: High blood pressure || id:ukb-b-14177",TRUE,"reported","igd",2,FALSE
"rs11072508","T","C","T","C",-0.0113012,-0.0125,0.669564,0.667155,FALSE,FALSE,FALSE,"ebi-a-GCST006867","15","75062397",0.0077,62892,0.1028,"Type 2 diabetes || id:ebi-a-GCST006867","Type 2 diabetes","Type 2 diabetes ||  || ",TRUE,"igd",NA,NA,NA,NA,NA,NA,NA,2.49977e-31,"15",0.000970532,461880,75062397,"ukb-b-14177","Vascular/heart problems diagnosed by doctor: High blood pressure || id:ukb-b-14177",TRUE,"reported","igd",2,TRUE
"rs11153070","G","C","G","C",0.00671458,0.0074,0.169603,0.168834,FALSE,TRUE,FALSE,"ebi-a-GCST006867","6","97039720",0.0105,62892,0.4804,"Type 2 diabetes || id:ebi-a-GCST006867","Type 2 diabetes","Type 2 diabetes ||  || ",TRUE,"igd",NA,NA,NA,NA,NA,NA,NA,3.50002e-08,"6",0.00121767,461880,97039720,"ukb-b-14177","Vascular/heart problems diagnosed by doctor: High blood pressure || id:ukb-b-14177",TRUE,"reported","igd",2,TRUE
"rs11190709","A","G","A","G",0.0085242,-0.0375,0.888868,0.889336,FALSE,FALSE,FALSE,"ebi-a-GCST006867","10","102552663",0.0124,62892,0.002426,"Type 2 diabetes || id:ebi-a-GCST006867","Type 2 diabetes","Type 2 diabetes ||  || ",TRUE,"igd",NA,NA,NA,NA,NA,NA,NA,4.39997e-09,"10",0.00145296,461880,102552663,"ukb-b-14177","Vascular/heart problems diagnosed by doctor: High blood pressure || id:ukb-b-14177",TRUE,"reported","igd",2,TRUE
"rs11191607","T","G","T","G",-0.0175045,0.0112,0.077425,0.078208,FALSE,FALSE,FALSE,"ebi-a-GCST006867","10","104959188",0.0144,62892,0.4367,"Type 2 diabetes || id:ebi-a-GCST006867","Type 2 diabetes","Type 2 diabetes ||  || ",TRUE,"igd",NA,NA,NA,NA,NA,NA,NA,7.50067e-25,"10",0.0017004,461880,104959188,"ukb-b-14177","Vascular/heart problems diagnosed by doctor: High blood pressure || id:ukb-b-14177",TRUE,"reported","igd",2,TRUE
"rs11199851","C","A","C","A",0.00672666,0.0265,0.204788,0.201511,FALSE,FALSE,FALSE,"ebi-a-GCST006867","10","122996928",0.0097,62892,0.00639705,"Type 2 diabetes || id:ebi-a-GCST006867","Type 2 diabetes","Type 2 diabetes ||  || ",TRUE,"igd",NA,NA,NA,NA,NA,NA,NA,2.80001e-09,"10",0.00113141,461880,122996928,"ukb-b-14177","Vascular/heart problems diagnosed by doctor: High blood pressure || id:ukb-b-14177",TRUE,"reported","igd",2,TRUE
"rs11214003","A","C","A","C",0.00726816,0.0066,0.273102,0.271408,FALSE,FALSE,FALSE,"ebi-a-GCST006867","11","111662564",0.0088,62892,0.452701,"Type 2 diabetes || id:ebi-a-GCST006867","Type 2 diabetes","Type 2 diabetes ||  || ",TRUE,"igd",NA,NA,NA,NA,NA,NA,NA,1.39991e-12,"11",0.0010253,461880,111662564,"ukb-b-14177","Vascular/heart problems diagnosed by doctor: High blood pressure || id:ukb-b-14177",TRUE,"reported","igd",2,TRUE
"rs11249244","A","G","A","G",0.00731196,-0.0149,0.624771,0.629924,FALSE,FALSE,FALSE,"ebi-a-GCST006867","1","25347711",0.0082,62892,0.0697895,"Type 2 diabetes || id:ebi-a-GCST006867","Type 2 diabetes","Type 2 diabetes ||  || ",TRUE,"igd",NA,NA,NA,NA,NA,NA,NA,1.20005e-14,"1",0.000947682,461880,25347711,"ukb-b-14177","Vascular/heart problems diagnosed by doctor: High blood pressure || id:ukb-b-14177",TRUE,"reported","igd",2,TRUE
"rs11264734","C","T","C","T",-0.00598911,-0.0099,0.288298,0.288519,FALSE,FALSE,FALSE,"ebi-a-GCST006867","1","153937746",0.0079,62892,0.2095,"Type 2 diabetes || id:ebi-a-GCST006867","Type 2 diabetes","Type 2 diabetes ||  || ",TRUE,"igd",NA,NA,NA,NA,NA,NA,NA,2.5e-09,"1",0.00100495,461880,153937746,"ukb-b-14177","Vascular/heart problems diagnosed by doctor: High blood pressure || id:ukb-b-14177",TRUE,"reported","igd",2,TRUE
"rs115262049","T","A","T","A",-0.00988514,-0.0173,0.087741,0.0862292,FALSE,TRUE,FALSE,"ebi-a-GCST006867","2","43196694",0.0141,62892,0.2189,"Type 2 diabetes || id:ebi-a-GCST006867","Type 2 diabetes","Type 2 diabetes ||  || ",TRUE,"igd",NA,NA,NA,NA,NA,NA,NA,9.80009e-10,"2",0.00161737,461880,43196694,"ukb-b-14177","Vascular/heart problems diagnosed by doctor: High blood pressure || id:ukb-b-14177",TRUE,"reported","igd",2,TRUE
"rs11556924","T","C","T","C",-0.00688499,-0.0116,0.388443,0.384078,FALSE,FALSE,FALSE,"ebi-a-GCST006867","7","129663496",0.0074,62892,0.1186,"Type 2 diabetes || id:ebi-a-GCST006867","Type 2 diabetes","Type 2 diabetes ||  || ",TRUE,"igd",NA,NA,NA,NA,NA,NA,NA,1.59993e-13,"7",0.000933026,461880,129663496,"ukb-b-14177","Vascular/heart problems diagnosed by doctor: High blood pressure || id:ukb-b-14177",TRUE,"reported","igd",2,TRUE
"rs11664369","T","C","T","C",0.00583484,0.0514,0.267226,0.267393,FALSE,FALSE,FALSE,"ebi-a-GCST006867","18","57739072",0.0081,62892,2.171e-10,"Type 2 diabetes || id:ebi-a-GCST006867","Type 2 diabetes","Type 2 diabetes ||  || ",TRUE,"igd",NA,NA,NA,NA,NA,NA,NA,1.5e-08,"18",0.00103044,461880,57739072,"ukb-b-14177","Vascular/heart problems diagnosed by doctor: High blood pressure || id:ukb-b-14177",TRUE,"reported","igd",2,TRUE
"rs11692391","C","T","C","T",-0.0069322,-0.0024,0.215157,0.215055,FALSE,FALSE,FALSE,"ebi-a-GCST006867","2","113695120",0.0095,62892,0.8019,"Type 2 diabetes || id:ebi-a-GCST006867","Type 2 diabetes","Type 2 diabetes ||  || ",TRUE,"igd",NA,NA,NA,NA,NA,NA,NA,3.50002e-10,"2",0.00110487,461880,113695120,"ukb-b-14177","Vascular/heart problems diagnosed by doctor: High blood pressure || id:ukb-b-14177",TRUE,"reported","igd",2,TRUE
"rs11692449","C","T","C","T",-0.00683289,-0.0112,0.366859,0.36696,FALSE,FALSE,FALSE,"ebi-a-GCST006867","2","61704451",0.0083,62892,0.1779,"Type 2 diabetes || id:ebi-a-GCST006867","Type 2 diabetes","Type 2 diabetes ||  || ",TRUE,"igd",NA,NA,NA,NA,NA,NA,NA,4.00037e-13,"2",0.000941831,461880,61704451,"ukb-b-14177","Vascular/heart problems diagnosed by doctor: High blood pressure || id:ukb-b-14177",TRUE,"reported","igd",2,TRUE
"rs11723467","C","T","C","T",-0.00666009,-0.0156,0.696389,0.698031,FALSE,FALSE,FALSE,"ebi-a-GCST006867","4","38375422",0.0085,62892,0.0682794,"Type 2 diabetes || id:ebi-a-GCST006867","Type 2 diabetes","Type 2 diabetes ||  || ",TRUE,"igd",NA,NA,NA,NA,NA,NA,NA,1.9002e-11,"4",0.00099175,461880,38375422,"ukb-b-14177","Vascular/heart problems diagnosed by doctor: High blood pressure || id:ukb-b-14177",TRUE,"reported","igd",2,TRUE
"rs11724647","A","T","A","T",-0.00920188,-0.0174,0.183727,0.18426,FALSE,TRUE,FALSE,"ebi-a-GCST006867","4","156646340",0.0101,62892,0.0848399,"Type 2 diabetes || id:ebi-a-GCST006867","Type 2 diabetes","Type 2 diabetes ||  || ",TRUE,"igd",NA,NA,NA,NA,NA,NA,NA,4.79954e-15,"4",0.0011751,461880,156646340,"ukb-b-14177","Vascular/heart problems diagnosed by doctor: High blood pressure || id:ukb-b-14177",TRUE,"reported","igd",2,TRUE
"rs12035750","C","T","C","T",0.00649695,0.0153,0.382907,0.381709,FALSE,FALSE,FALSE,"ebi-a-GCST006867","1","89332099",0.008,62892,0.05724,"Type 2 diabetes || id:ebi-a-GCST006867","Type 2 diabetes","Type 2 diabetes ||  || ",TRUE,"igd",NA,NA,NA,NA,NA,NA,NA,4.00037e-12,"1",0.000936331,461880,89332099,"ukb-b-14177","Vascular/heart problems diagnosed by doctor: High blood pressure || id:ukb-b-14177",TRUE,"reported","igd",2,TRUE
"rs12258967","G","C","G","C",-0.0112417,0.0167,0.299314,0.299211,FALSE,TRUE,FALSE,"ebi-a-GCST006867","10","18727959",0.0086,62892,0.0511705,"Type 2 diabetes || id:ebi-a-GCST006867","Type 2 diabetes","Type 2 diabetes ||  || ",TRUE,"igd",NA,NA,NA,NA,NA,NA,NA,1.20005e-29,"10",0.000994291,461880,18727959,"ukb-b-14177","Vascular/heart problems diagnosed by doctor: High blood pressure || id:ukb-b-14177",TRUE,"reported","igd",2,TRUE
"rs12364503","G","C","G","C",-0.00618656,-0.0262,0.40533,0.404929,FALSE,TRUE,FALSE,"ebi-a-GCST006867","11","43878505",0.0081,62892,0.001158,"Type 2 diabetes || id:ebi-a-GCST006867","Type 2 diabetes","Type 2 diabetes ||  || ",TRUE,"igd",NA,NA,NA,NA,NA,NA,NA,4.30031e-11,"11",0.000938216,461880,43878505,"ukb-b-14177","Vascular/heart problems diagnosed by doctor: High blood pressure || id:ukb-b-14177",TRUE,"reported","igd",2,TRUE
"rs12461874","A","C","A","C",0.00755755,0.0153,0.278965,0.278255,FALSE,FALSE,FALSE,"ebi-a-GCST006867","19","17180358",0.0087,62892,0.0791006,"Type 2 diabetes || id:ebi-a-GCST006867","Type 2 diabetes","Type 2 diabetes ||  || ",TRUE,"igd",NA,NA,NA,NA,NA,NA,NA,1.10002e-13,"19",0.00101702,461880,17180358,"ukb-b-14177","Vascular/heart problems diagnosed by doctor: High blood pressure || id:ukb-b-14177",TRUE,"reported","igd",2,TRUE
"rs12567136","T","C","T","C",-0.0162885,-0.0259,0.162441,0.162314,FALSE,FALSE,FALSE,"ebi-a-GCST006867","1","11883731",0.0097,62892,0.00777893,"Type 2 diabetes || id:ebi-a-GCST006867","Type 2 diabetes","Type 2 diabetes ||  || ",TRUE,"igd",NA,NA,NA,NA,NA,NA,NA,7.00003e-40,"1",0.00123241,461880,11883731,"ukb-b-14177","Vascular/heart problems diagnosed by doctor: High blood pressure || id:ukb-b-14177",TRUE,"reported","igd",2,TRUE
"rs12606348","T","C","T","C",-0.00696394,0.0015,0.300923,0.301016,FALSE,FALSE,FALSE,"ebi-a-GCST006867","18","42053616",0.0085,62892,0.8596,"Type 2 diabetes || id:ebi-a-GCST006867","Type 2 diabetes","Type 2 diabetes ||  || ",TRUE,"igd",NA,NA,NA,NA,NA,NA,NA,2.29985e-12,"18",0.00099273,461880,42053616,"ukb-b-14177","Vascular/heart problems diagnosed by doctor: High blood pressure || id:ukb-b-14177",TRUE,"reported","igd",2,TRUE
"rs12705982","T","C","T","C",0.00524977,0.0043,0.470419,0.466725,FALSE,FALSE,FALSE,"ebi-a-GCST006867","7","114336114",0.0078,62892,0.5783,"Type 2 diabetes || id:ebi-a-GCST006867","Type 2 diabetes","Type 2 diabetes ||  || ",TRUE,"igd",NA,NA,NA,NA,NA,NA,NA,9.49992e-09,"7",0.00091459,461880,114336114,"ukb-b-14177","Vascular/heart problems diagnosed by doctor: High blood pressure || id:ukb-b-14177",TRUE,"reported","igd",2,TRUE
"rs12714414","C","T","C","T",-0.00738406,-0.0569,0.152475,0.17071,FALSE,FALSE,FALSE,"ebi-a-GCST006867","2","652542",0.0097,62892,4.03701e-09,"Type 2 diabetes || id:ebi-a-GCST006867","Type 2 diabetes","Type 2 diabetes ||  || ",TRUE,"igd",TRUE,"rs12714414","rs7574359","C","T","C","T",1.79999e-08,"2",0.0013125,461880,651407,"ukb-b-14177","Vascular/heart problems diagnosed by doctor: High blood pressure || id:ukb-b-14177",TRUE,"reported","igd",2,TRUE
"rs1274652","G","C","G","C",-0.00757579,0.0147,0.1442,0.144932,FALSE,TRUE,FALSE,"ebi-a-GCST006867","14","68676520",0.0111,62892,0.1853,"Type 2 diabetes || id:ebi-a-GCST006867","Type 2 diabetes","Type 2 diabetes ||  || ",TRUE,"igd",NA,NA,NA,NA,NA,NA,NA,4.90004e-09,"14",0.00129522,461880,68676520,"ukb-b-14177","Vascular/heart problems diagnosed by doctor: High blood pressure || id:ukb-b-14177",TRUE,"reported","igd",2,TRUE
"rs1275988","T","C","T","C",-0.0142017,0.0089,0.615226,0.616098,FALSE,FALSE,FALSE,"ebi-a-GCST006867","2","26914364",0.008,62892,0.2634,"Type 2 diabetes || id:ebi-a-GCST006867","Type 2 diabetes","Type 2 diabetes ||  || ",TRUE,"igd",NA,NA,NA,NA,NA,NA,NA,4.70002e-52,"2",0.000935508,461880,26914364,"ukb-b-14177","Vascular/heart problems diagnosed by doctor: High blood pressure || id:ukb-b-14177",TRUE,"reported","igd",2,TRUE
"rs12906962","C","T","C","T",0.00693979,0.0115,0.320362,0.319016,FALSE,FALSE,FALSE,"ebi-a-GCST006867","15","95312071",0.0084,62892,0.1706,"Type 2 diabetes || id:ebi-a-GCST006867","Type 2 diabetes","Type 2 diabetes ||  || ",TRUE,"igd",NA,NA,NA,NA,NA,NA,NA,1.59993e-12,"15",0.000981681,461880,95312071,"ukb-b-14177","Vascular/heart problems diagnosed by doctor: High blood pressure || id:ukb-b-14177",TRUE,"reported","igd",2,TRUE
"rs13125101","A","G","A","G",0.0214936,0.0202,0.291871,0.291793,FALSE,FALSE,FALSE,"ebi-a-GCST006867","4","81174592",0.0089,62892,0.0236102,"Type 2 diabetes || id:ebi-a-GCST006867","Type 2 diabetes","Type 2 diabetes ||  || ",TRUE,"igd",NA,NA,NA,NA,NA,NA,NA,4.89779e-102,"4",0.00100219,461880,81174592,"ukb-b-14177","Vascular/heart problems diagnosed by doctor: High blood pressure || id:ukb-b-14177",TRUE,"reported","igd",2,TRUE
"rs13154725","A","G","A","G",0.00505002,-0.0202,0.421594,0.420586,FALSE,FALSE,FALSE,"ebi-a-GCST006867","5","147894705",0.0079,62892,0.0110601,"Type 2 diabetes || id:ebi-a-GCST006867","Type 2 diabetes","Type 2 diabetes ||  || ",TRUE,"igd",NA,NA,NA,NA,NA,NA,NA,4.09996e-08,"5",0.000920102,461880,147894705,"ukb-b-14177","Vascular/heart problems diagnosed by doctor: High blood pressure || id:ukb-b-14177",TRUE,"reported","igd",2,TRUE
"rs1362877","T","C","T","C",-0.00626117,-8e-04,0.550733,0.549336,FALSE,FALSE,FALSE,"ebi-a-GCST006867","1","42485483",0.0079,62892,0.9214,"Type 2 diabetes || id:ebi-a-GCST006867","Type 2 diabetes","Type 2 diabetes ||  || ",TRUE,"igd",NA,NA,NA,NA,NA,NA,NA,8.19974e-12,"1",0.000916144,461880,42485483,"ukb-b-14177","Vascular/heart problems diagnosed by doctor: High blood pressure || id:ukb-b-14177",TRUE,"reported","igd",2,TRUE
"rs1370666","A","G","A","G",-0.00559313,0.0023,0.436474,0.437913,FALSE,FALSE,FALSE,"ebi-a-GCST006867","2","183208082",0.0079,62892,0.7741,"Type 2 diabetes || id:ebi-a-GCST006867","Type 2 diabetes","Type 2 diabetes ||  || ",TRUE,"igd",NA,NA,NA,NA,NA,NA,NA,1e-09,"2",0.000916228,461880,183208082,"ukb-b-14177","Vascular/heart problems diagnosed by doctor: High blood pressure || id:ukb-b-14177",TRUE,"reported","igd",2,TRUE
"rs1407256","G","A","G","A",0.00840219,0.0168,0.149209,0.148937,FALSE,FALSE,FALSE,"ebi-a-GCST006867","20","31213647",0.0108,62892,0.1199,"Type 2 diabetes || id:ebi-a-GCST006867","Type 2 diabetes","Type 2 diabetes ||  || ",TRUE,"igd",NA,NA,NA,NA,NA,NA,NA,8.4004e-11,"20",0.00129406,461880,31213647,"ukb-b-14177","Vascular/heart problems diagnosed by doctor: High blood pressure || id:ukb-b-14177",TRUE,"reported","igd",2,TRUE
"rs142164535","G","C","G","C",-0.00670285,-1e-04,0.186717,0.185674,FALSE,TRUE,FALSE,"ebi-a-GCST006867","14","39394627",0.0101,62892,0.9885,"Type 2 diabetes || id:ebi-a-GCST006867","Type 2 diabetes","Type 2 diabetes ||  || ",TRUE,"igd",NA,NA,NA,NA,NA,NA,NA,1.09999e-08,"14",0.00117262,461880,39394627,"ukb-b-14177","Vascular/heart problems diagnosed by doctor: High blood pressure || id:ukb-b-14177",TRUE,"reported","igd",2,TRUE
"rs1422278","T","G","T","G",0.00989169,0.0065,0.132026,0.132853,FALSE,FALSE,FALSE,"ebi-a-GCST006867","5","122467417",0.0115,62892,0.5729,"Type 2 diabetes || id:ebi-a-GCST006867","Type 2 diabetes","Type 2 diabetes ||  || ",TRUE,"igd",NA,NA,NA,NA,NA,NA,NA,1.80011e-13,"5",0.00134291,461880,122467417,"ukb-b-14177","Vascular/heart problems diagnosed by doctor: High blood pressure || id:ukb-b-14177",TRUE,"reported","igd",2,TRUE
"rs1437349","T","C","T","C",-0.00519506,-0.0021,0.360566,0.360515,FALSE,FALSE,FALSE,"ebi-a-GCST006867","2","142477274",0.0081,62892,0.790901,"Type 2 diabetes || id:ebi-a-GCST006867","Type 2 diabetes","Type 2 diabetes ||  || ",TRUE,"igd",NA,NA,NA,NA,NA,NA,NA,4.20001e-08,"2",0.000947481,461880,142477274,"ukb-b-14177","Vascular/heart problems diagnosed by doctor: High blood pressure || id:ukb-b-14177",TRUE,"reported","igd",2,TRUE
"rs1507153","A","C","A","C",0.00615326,0.0222,0.378115,0.37942,FALSE,FALSE,FALSE,"ebi-a-GCST006867","6","79484386",0.0081,62892,0.00600206,"Type 2 diabetes || id:ebi-a-GCST006867","Type 2 diabetes","Type 2 diabetes ||  || ",TRUE,"igd",NA,NA,NA,NA,NA,NA,NA,5.70033e-11,"6",0.000939183,461880,79484386,"ukb-b-14177","Vascular/heart problems diagnosed by doctor: High blood pressure || id:ukb-b-14177",TRUE,"reported","igd",2,TRUE
"rs1561735","C","T","C","T",-0.00590318,0.0068,0.46738,0.467172,FALSE,FALSE,FALSE,"ebi-a-GCST006867","5","77866228",0.0078,62892,0.3842,"Type 2 diabetes || id:ebi-a-GCST006867","Type 2 diabetes","Type 2 diabetes ||  || ",TRUE,"igd",NA,NA,NA,NA,NA,NA,NA,9.30037e-11,"5",0.000911274,461880,77866228,"ukb-b-14177","Vascular/heart problems diagnosed by doctor: High blood pressure || id:ukb-b-14177",TRUE,"reported","igd",2,TRUE
"rs1689040","T","C","T","C",-0.0117715,-0.0018,0.407652,0.406417,FALSE,FALSE,FALSE,"ebi-a-GCST006867","12","89978233",0.0079,62892,0.8202,"Type 2 diabetes || id:ebi-a-GCST006867","Type 2 diabetes","Type 2 diabetes ||  || ",TRUE,"igd",NA,NA,NA,NA,NA,NA,NA,5.30029e-37,"12",0.000926312,461880,89978233,"ukb-b-14177","Vascular/heart problems diagnosed by doctor: High blood pressure || id:ukb-b-14177",TRUE,"reported","igd",2,TRUE
"rs1711171","C","T","C","T",0.00658731,0.0386,0.74955,0.752591,FALSE,FALSE,FALSE,"ebi-a-GCST006867","3","136020541",0.0092,62892,2.54701e-05,"Type 2 diabetes || id:ebi-a-GCST006867","Type 2 diabetes","Type 2 diabetes ||  || ",TRUE,"igd",NA,NA,NA,NA,NA,NA,NA,3.69999e-10,"3",0.0010513,461880,136020541,"ukb-b-14177","Vascular/heart problems diagnosed by doctor: High blood pressure || id:ukb-b-14177",TRUE,"reported","igd",2,TRUE
"rs1741344","T","C","T","C",0.00536734,0.0012,0.634487,0.635268,FALSE,FALSE,FALSE,"ebi-a-GCST006867","20","4101800",0.0074,62892,0.8719,"Type 2 diabetes || id:ebi-a-GCST006867","Type 2 diabetes","Type 2 diabetes ||  || ",TRUE,"igd",NA,NA,NA,NA,NA,NA,NA,1.29999e-08,"20",0.000944443,461880,4101800,"ukb-b-14177","Vascular/heart problems diagnosed by doctor: High blood pressure || id:ukb-b-14177",TRUE,"reported","igd",2,TRUE
"rs1745417","T","C","T","C",0.00681292,-0.0056,0.512412,0.513765,FALSE,FALSE,FALSE,"ebi-a-GCST006867","1","228204279",0.0079,62892,0.4758,"Type 2 diabetes || id:ebi-a-GCST006867","Type 2 diabetes","Type 2 diabetes ||  || ",TRUE,"igd",NA,NA,NA,NA,NA,NA,NA,7.29962e-14,"1",0.00091059,461880,228204279,"ukb-b-14177","Vascular/heart problems diagnosed by doctor: High blood pressure || id:ukb-b-14177",TRUE,"reported","igd",2,TRUE
"rs17637472","A","G","A","G",0.00896666,-5e-04,0.39867,0.398845,FALSE,FALSE,FALSE,"ebi-a-GCST006867","17","47461433",0.0074,62892,0.9497,"Type 2 diabetes || id:ebi-a-GCST006867","Type 2 diabetes","Type 2 diabetes ||  || ",TRUE,"igd",NA,NA,NA,NA,NA,NA,NA,1.10002e-21,"17",0.000936952,461880,47461433,"ukb-b-14177","Vascular/heart problems diagnosed by doctor: High blood pressure || id:ukb-b-14177",TRUE,"reported","igd",2,TRUE
"rs17747401","T","C","T","C",-0.00560352,-0.0345,0.368838,0.36996,FALSE,FALSE,FALSE,"ebi-a-GCST006867","10","76400164",0.0082,62892,2.50501e-05,"Type 2 diabetes || id:ebi-a-GCST006867","Type 2 diabetes","Type 2 diabetes ||  || ",TRUE,"igd",NA,NA,NA,NA,NA,NA,NA,3.40001e-09,"10",0.000948127,461880,76400164,"ukb-b-14177","Vascular/heart problems diagnosed by doctor: High blood pressure || id:ukb-b-14177",TRUE,"reported","igd",2,TRUE
"rs1799998","G","A","G","A",-0.00575475,0.0044,0.450678,0.44949,FALSE,FALSE,FALSE,"ebi-a-GCST006867","8","143999600",0.0079,62892,0.5753,"Type 2 diabetes || id:ebi-a-GCST006867","Type 2 diabetes","Type 2 diabetes ||  || ",TRUE,"igd",NA,NA,NA,NA,NA,NA,NA,2.99999e-10,"8",0.000913683,461880,143999600,"ukb-b-14177","Vascular/heart problems diagnosed by doctor: High blood pressure || id:ukb-b-14177",TRUE,"reported","igd",2,TRUE
"rs1801253","C","G","C","G",0.0128191,-0.002,0.735822,0.73699,FALSE,TRUE,FALSE,"ebi-a-GCST006867","10","115805056",0.0088,62892,0.8216,"Type 2 diabetes || id:ebi-a-GCST006867","Type 2 diabetes","Type 2 diabetes ||  || ",TRUE,"igd",NA,NA,NA,NA,NA,NA,NA,3.69999e-35,"10",0.00103619,461880,115805056,"ukb-b-14177","Vascular/heart problems diagnosed by doctor: High blood pressure || id:ukb-b-14177",TRUE,"reported","igd",2,TRUE
"rs1859551","G","A","G","A",0.00563724,0.017,0.47745,0.477078,FALSE,FALSE,FALSE,"ebi-a-GCST006867","14","72165208",0.0078,62892,0.0287402,"Type 2 diabetes || id:ebi-a-GCST006867","Type 2 diabetes","Type 2 diabetes ||  || ",TRUE,"igd",NA,NA,NA,NA,NA,NA,NA,6.69993e-10,"14",0.000913288,461880,72165208,"ukb-b-14177","Vascular/heart problems diagnosed by doctor: High blood pressure || id:ukb-b-14177",TRUE,"reported","igd",2,TRUE
"rs1887320","A","G","A","G",0.011055,-0.0015,0.475329,0.472287,FALSE,FALSE,FALSE,"ebi-a-GCST006867","20","10965998",0.0071,62892,0.8305,"Type 2 diabetes || id:ebi-a-GCST006867","Type 2 diabetes","Type 2 diabetes ||  || ",TRUE,"igd",NA,NA,NA,NA,NA,NA,NA,9.49948e-34,"20",0.000912963,461880,10965998,"ukb-b-14177","Vascular/heart problems diagnosed by doctor: High blood pressure || id:ukb-b-14177",TRUE,"reported","igd",2,TRUE
"rs1957563","T","C","T","C",0.00950712,0.0143,0.268601,0.269042,FALSE,FALSE,FALSE,"ebi-a-GCST006867","5","157474590",0.0087,62892,0.1011,"Type 2 diabetes || id:ebi-a-GCST006867","Type 2 diabetes","Type 2 diabetes ||  || ",TRUE,"igd",NA,NA,NA,NA,NA,NA,NA,1.9002e-20,"5",0.00102603,461880,157474590,"ukb-b-14177","Vascular/heart problems diagnosed by doctor: High blood pressure || id:ukb-b-14177",TRUE,"reported","igd",2,TRUE
"rs198851","G","T","G","T",-0.0133114,-0.0165,0.849705,0.849972,FALSE,FALSE,FALSE,"ebi-a-GCST006867","6","26104632",0.0102,62892,0.1053,"Type 2 diabetes || id:ebi-a-GCST006867","Type 2 diabetes","Type 2 diabetes ||  || ",TRUE,"igd",NA,NA,NA,NA,NA,NA,NA,1.20005e-25,"6",0.0012719,461880,26104632,"ukb-b-14177","Vascular/heart problems diagnosed by doctor: High blood pressure || id:ukb-b-14177",TRUE,"reported","igd",2,TRUE
"rs2014590","T","C","T","C",-0.00763485,-0.0151,0.485722,0.486083,FALSE,FALSE,FALSE,"ebi-a-GCST006867","3","169146497",0.0078,62892,0.05428,"Type 2 diabetes || id:ebi-a-GCST006867","Type 2 diabetes","Type 2 diabetes ||  || ",TRUE,"igd",NA,NA,NA,NA,NA,NA,NA,4.90004e-17,"3",0.000909973,461880,169146497,"ukb-b-14177","Vascular/heart problems diagnosed by doctor: High blood pressure || id:ukb-b-14177",TRUE,"reported","igd",2,TRUE
"rs2024385","A","T","A","T",-0.00572297,0.0068,0.428183,0.426273,FALSE,TRUE,TRUE,"ebi-a-GCST006867","12","12888438",0.008,62892,0.3948,"Type 2 diabetes || id:ebi-a-GCST006867","Type 2 diabetes","Type 2 diabetes ||  || ",TRUE,"igd",NA,NA,NA,NA,NA,NA,NA,5.19996e-10,"12",0.000921336,461880,12888438,"ukb-b-14177","Vascular/heart problems diagnosed by doctor: High blood pressure || id:ukb-b-14177",TRUE,"reported","igd",2,FALSE
"rs2032915","T","C","T","C",-0.00611798,-0.006,0.359725,0.361327,FALSE,FALSE,FALSE,"ebi-a-GCST006867","16","31117413",0.0075,62892,0.4263,"Type 2 diabetes || id:ebi-a-GCST006867","Type 2 diabetes","Type 2 diabetes ||  || ",TRUE,"igd",NA,NA,NA,NA,NA,NA,NA,1.09999e-10,"16",0.000947697,461880,31117413,"ukb-b-14177","Vascular/heart problems diagnosed by doctor: High blood pressure || id:ukb-b-14177",TRUE,"reported","igd",2,TRUE
"rs2078339","G","A","G","A",-0.00783436,6e-04,0.271833,0.270919,FALSE,FALSE,FALSE,"ebi-a-GCST006867","12","20161168",0.0088,62892,0.9478,"Type 2 diabetes || id:ebi-a-GCST006867","Type 2 diabetes","Type 2 diabetes ||  || ",TRUE,"igd",NA,NA,NA,NA,NA,NA,NA,1.9002e-14,"12",0.00102285,461880,20161168,"ukb-b-14177","Vascular/heart problems diagnosed by doctor: High blood pressure || id:ukb-b-14177",TRUE,"reported","igd",2,TRUE
"rs2105092","A","G","A","G",-0.00728002,-0.0108,0.291095,0.288737,FALSE,FALSE,FALSE,"ebi-a-GCST006867","6","134184972",0.0087,62892,0.2143,"Type 2 diabetes || id:ebi-a-GCST006867","Type 2 diabetes","Type 2 diabetes ||  || ",TRUE,"igd",NA,NA,NA,NA,NA,NA,NA,3.80014e-13,"6",0.00100254,461880,134184972,"ukb-b-14177","Vascular/heart problems diagnosed by doctor: High blood pressure || id:ukb-b-14177",TRUE,"reported","igd",2,TRUE
"rs2301597","C","T","C","T",-0.00568571,-0.0065,0.574396,0.574285,FALSE,FALSE,FALSE,"ebi-a-GCST006867","17","43173273",0.0073,62892,0.3679,"Type 2 diabetes || id:ebi-a-GCST006867","Type 2 diabetes","Type 2 diabetes ||  || ",TRUE,"igd",NA,NA,NA,NA,NA,NA,NA,6.90001e-10,"17",0.000921858,461880,43173273,"ukb-b-14177","Vascular/heart problems diagnosed by doctor: High blood pressure || id:ukb-b-14177",TRUE,"reported","igd",2,TRUE
"rs2341599","A","G","A","G",-0.00739553,-0.0146,0.660398,0.661704,FALSE,FALSE,FALSE,"ebi-a-GCST006867","4","156433308",0.0082,62892,0.0768299,"Type 2 diabetes || id:ebi-a-GCST006867","Type 2 diabetes","Type 2 diabetes ||  || ",TRUE,"igd",NA,NA,NA,NA,NA,NA,NA,1.39991e-14,"4",0.000960999,461880,156433308,"ukb-b-14177","Vascular/heart problems diagnosed by doctor: High blood pressure || id:ukb-b-14177",TRUE,"reported","igd",2,TRUE
"rs2372888","G","A","G","A",-0.00514998,0.0074,0.617512,0.618521,FALSE,FALSE,FALSE,"ebi-a-GCST006867","2","37460234",0.0073,62892,0.3159,"Type 2 diabetes || id:ebi-a-GCST006867","Type 2 diabetes","Type 2 diabetes ||  || ",TRUE,"igd",NA,NA,NA,NA,NA,NA,NA,3.69999e-08,"2",0.0009358,461880,37460234,"ukb-b-14177","Vascular/heart problems diagnosed by doctor: High blood pressure || id:ukb-b-14177",TRUE,"reported","igd",2,TRUE
"rs2443708","C","T","C","T",0.00716216,0.0185,0.68308,0.683862,FALSE,FALSE,FALSE,"ebi-a-GCST006867","3","11545719",0.0084,62892,0.0278997,"Type 2 diabetes || id:ebi-a-GCST006867","Type 2 diabetes","Type 2 diabetes ||  || ",TRUE,"igd",NA,NA,NA,NA,NA,NA,NA,2.70023e-13,"3",0.000979752,461880,11545719,"ukb-b-14177","Vascular/heart problems diagnosed by doctor: High blood pressure || id:ukb-b-14177",TRUE,"reported","igd",2,TRUE
"rs2493135","G","C","G","C",0.00724042,0.0058,0.403911,0.403707,FALSE,TRUE,FALSE,"ebi-a-GCST006867","1","230851428",0.008,62892,0.4689,"Type 2 diabetes || id:ebi-a-GCST006867","Type 2 diabetes","Type 2 diabetes ||  || ",TRUE,"igd",NA,NA,NA,NA,NA,NA,NA,5.50047e-15,"1",0.000926618,461880,230851428,"ukb-b-14177","Vascular/heart problems diagnosed by doctor: High blood pressure || id:ukb-b-14177",TRUE,"reported","igd",2,TRUE
"rs2643826","T","C","T","C",0.0106513,0.0171,0.452313,0.451389,FALSE,FALSE,FALSE,"ebi-a-GCST006867","3","27562988",0.0082,62892,0.0363103,"Type 2 diabetes || id:ebi-a-GCST006867","Type 2 diabetes","Type 2 diabetes ||  || ",TRUE,"igd",NA,NA,NA,NA,NA,NA,NA,3.10027e-31,"3",0.000916308,461880,27562988,"ukb-b-14177","Vascular/heart problems diagnosed by doctor: High blood pressure || id:ukb-b-14177",TRUE,"reported","igd",2,TRUE
"rs268263","A","T","A","T",0.00833584,-0.0135,0.751644,0.754223,FALSE,TRUE,FALSE,"ebi-a-GCST006867","2","164954174",0.0092,62892,0.1415,"Type 2 diabetes || id:ebi-a-GCST006867","Type 2 diabetes","Type 2 diabetes ||  || ",TRUE,"igd",NA,NA,NA,NA,NA,NA,NA,3.69999e-15,"2",0.00106003,461880,164954174,"ukb-b-14177","Vascular/heart problems diagnosed by doctor: High blood pressure || id:ukb-b-14177",TRUE,"reported","igd",2,TRUE
"rs2744133","G","A","G","A",-0.00664452,-0.0141,0.277509,0.276793,FALSE,FALSE,FALSE,"ebi-a-GCST006867","6","22392260",0.0088,62892,0.1108,"Type 2 diabetes || id:ebi-a-GCST006867","Type 2 diabetes","Type 2 diabetes ||  || ",TRUE,"igd",NA,NA,NA,NA,NA,NA,NA,6.09958e-11,"6",0.00101578,461880,22392260,"ukb-b-14177","Vascular/heart problems diagnosed by doctor: High blood pressure || id:ukb-b-14177",TRUE,"reported","igd",2,TRUE
"rs2820290","G","A","G","A",0.00556077,0.0242,0.566641,0.564863,FALSE,FALSE,FALSE,"ebi-a-GCST006867","1","201783682",0.0079,62892,0.00217,"Type 2 diabetes || id:ebi-a-GCST006867","Type 2 diabetes","Type 2 diabetes ||  || ",TRUE,"igd",NA,NA,NA,NA,NA,NA,NA,1.29999e-09,"1",0.000916873,461880,201783682,"ukb-b-14177","Vascular/heart problems diagnosed by doctor: High blood pressure || id:ukb-b-14177",TRUE,"reported","igd",2,TRUE
"rs2823139","A","G","A","G",0.00605815,-0.0098,0.337439,0.337493,FALSE,FALSE,FALSE,"ebi-a-GCST006867","21","16576783",0.0082,62892,0.2355,"Type 2 diabetes || id:ebi-a-GCST006867","Type 2 diabetes","Type 2 diabetes ||  || ",TRUE,"igd",NA,NA,NA,NA,NA,NA,NA,3.89996e-10,"21",0.000968332,461880,16576783,"ukb-b-14177","Vascular/heart problems diagnosed by doctor: High blood pressure || id:ukb-b-14177",TRUE,"reported","igd",2,TRUE
"rs2856653","C","T","C","T",-0.00952855,0.022,0.642243,0.641352,FALSE,FALSE,FALSE,"ebi-a-GCST006867","11","47361084",0.0083,62892,0.00796306,"Type 2 diabetes || id:ebi-a-GCST006867","Type 2 diabetes","Type 2 diabetes ||  || ",TRUE,"igd",NA,NA,NA,NA,NA,NA,NA,1.50003e-23,"11",0.000952789,461880,47361084,"ukb-b-14177","Vascular/heart problems diagnosed by doctor: High blood pressure || id:ukb-b-14177",TRUE,"reported","igd",2,TRUE
"rs2894446","T","G","T","G",-0.00685087,0.0127,0.340489,0.340034,FALSE,FALSE,FALSE,"ebi-a-GCST006867","8","129410924",0.0083,62892,0.1259,"Type 2 diabetes || id:ebi-a-GCST006867","Type 2 diabetes","Type 2 diabetes ||  || ",TRUE,"igd",NA,NA,NA,NA,NA,NA,NA,9.60064e-13,"8",0.000960002,461880,129410924,"ukb-b-14177","Vascular/heart problems diagnosed by doctor: High blood pressure || id:ukb-b-14177",TRUE,"reported","igd",2,TRUE
"rs2921965","C","T","C","T",-0.00584703,-0.0011,0.286513,0.28516,FALSE,FALSE,FALSE,"ebi-a-GCST006867","10","118445251",0.0087,62892,0.898,"Type 2 diabetes || id:ebi-a-GCST006867","Type 2 diabetes","Type 2 diabetes ||  || ",TRUE,"igd",NA,NA,NA,NA,NA,NA,NA,7.69999e-09,"10",0.0010125,461880,118445251,"ukb-b-14177","Vascular/heart problems diagnosed by doctor: High blood pressure || id:ukb-b-14177",TRUE,"reported","igd",2,TRUE
"rs2934849","C","T","C","T",-0.00556732,2e-04,0.631793,0.632445,FALSE,FALSE,FALSE,"ebi-a-GCST006867","6","166162335",0.0075,62892,0.9786,"Type 2 diabetes || id:ebi-a-GCST006867","Type 2 diabetes","Type 2 diabetes ||  || ",TRUE,"igd",NA,NA,NA,NA,NA,NA,NA,3.50002e-09,"6",0.000942453,461880,166162335,"ukb-b-14177","Vascular/heart problems diagnosed by doctor: High blood pressure || id:ukb-b-14177",TRUE,"reported","igd",2,TRUE
"rs2977324","G","T","G","T",0.00705749,0.024,0.700749,0.701164,FALSE,FALSE,FALSE,"ebi-a-GCST006867","8","76716737",0.0086,62892,0.00521003,"Type 2 diabetes || id:ebi-a-GCST006867","Type 2 diabetes","Type 2 diabetes ||  || ",TRUE,"igd",NA,NA,NA,NA,NA,NA,NA,1.50003e-12,"8",0.000997541,461880,76716737,"ukb-b-14177","Vascular/heart problems diagnosed by doctor: High blood pressure || id:ukb-b-14177",TRUE,"reported","igd",2,TRUE
"rs3020644","G","A","G","A",0.00827948,0.0237,0.363453,0.368951,FALSE,FALSE,FALSE,"ebi-a-GCST006867","6","31894626",0.0075,62892,0.00160199,"Type 2 diabetes || id:ebi-a-GCST006867","Type 2 diabetes","Type 2 diabetes ||  || ",TRUE,"igd",NA,NA,NA,NA,NA,NA,NA,1.59993e-18,"6",0.000942848,461880,31894626,"ukb-b-14177","Vascular/heart problems diagnosed by doctor: High blood pressure || id:ukb-b-14177",TRUE,"reported","igd",2,TRUE
"rs34344953","C","T","C","T",0.00562726,-0.0035,0.360624,0.359578,FALSE,FALSE,FALSE,"ebi-a-GCST006867","7","156312714",0.0082,62892,0.6655,"Type 2 diabetes || id:ebi-a-GCST006867","Type 2 diabetes","Type 2 diabetes ||  || ",TRUE,"igd",NA,NA,NA,NA,NA,NA,NA,2.99999e-09,"7",0.000948635,461880,156312714,"ukb-b-14177","Vascular/heart problems diagnosed by doctor: High blood pressure || id:ukb-b-14177",TRUE,"reported","igd",2,TRUE
"rs35199222","A","G","A","G",0.00833077,0.0147,0.44368,0.444227,FALSE,FALSE,FALSE,"ebi-a-GCST006867","15","81013037",0.0079,62892,0.0631204,"Type 2 diabetes || id:ebi-a-GCST006867","Type 2 diabetes","Type 2 diabetes ||  || ",TRUE,"igd",NA,NA,NA,NA,NA,NA,NA,1e-19,"15",0.000916745,461880,81013037,"ukb-b-14177","Vascular/heart problems diagnosed by doctor: High blood pressure || id:ukb-b-14177",TRUE,"reported","igd",2,TRUE
"rs35301188","A","G","A","G",0.0104619,-0.008,0.173068,0.169936,FALSE,FALSE,FALSE,"ebi-a-GCST006867","7","106417963",0.0105,62892,0.4445,"Type 2 diabetes || id:ebi-a-GCST006867","Type 2 diabetes","Type 2 diabetes ||  || ",TRUE,"igd",NA,NA,NA,NA,NA,NA,NA,6.29941e-18,"7",0.00121262,461880,106417963,"ukb-b-14177","Vascular/heart problems diagnosed by doctor: High blood pressure || id:ukb-b-14177",TRUE,"reported","igd",2,TRUE
"rs35429","G","A","G","A",-0.0114981,0.0014,0.382005,0.382613,FALSE,FALSE,FALSE,"ebi-a-GCST006867","12","115555867",0.0081,62892,0.8657,"Type 2 diabetes || id:ebi-a-GCST006867","Type 2 diabetes","Type 2 diabetes ||  || ",TRUE,"igd",NA,NA,NA,NA,NA,NA,NA,1.39991e-34,"12",0.000937575,461880,115555867,"ukb-b-14177","Vascular/heart problems diagnosed by doctor: High blood pressure || id:ukb-b-14177",TRUE,"reported","igd",2,TRUE
"rs35432681","C","T","C","T",0.0066777,5e-04,0.382308,0.382376,FALSE,FALSE,FALSE,"ebi-a-GCST006867","3","133966291",0.008,62892,0.9481,"Type 2 diabetes || id:ebi-a-GCST006867","Type 2 diabetes","Type 2 diabetes ||  || ",TRUE,"igd",NA,NA,NA,NA,NA,NA,NA,9.8992e-13,"3",0.000936227,461880,133966291,"ukb-b-14177","Vascular/heart problems diagnosed by doctor: High blood pressure || id:ukb-b-14177",TRUE,"reported","igd",2,TRUE
"rs35783704","A","G","A","G",-0.0136616,-0.0054,0.100076,0.0970724,FALSE,FALSE,FALSE,"ebi-a-GCST006867","8","105966258",0.0131,62892,0.6826,"Type 2 diabetes || id:ebi-a-GCST006867","Type 2 diabetes","Type 2 diabetes ||  || ",TRUE,"igd",NA,NA,NA,NA,NA,NA,NA,4.70002e-19,"8",0.00153154,461880,105966258,"ukb-b-14177","Vascular/heart problems diagnosed by doctor: High blood pressure || id:ukb-b-14177",TRUE,"reported","igd",2,TRUE
"rs35865480","T","C","T","C",0.00583043,0.0104,0.633618,0.633277,FALSE,FALSE,FALSE,"ebi-a-GCST006867","1","8603777",0.0082,62892,0.2012,"Type 2 diabetes || id:ebi-a-GCST006867","Type 2 diabetes","Type 2 diabetes ||  || ",TRUE,"igd",NA,NA,NA,NA,NA,NA,NA,5.60003e-10,"1",0.000940286,461880,8603777,"ukb-b-14177","Vascular/heart problems diagnosed by doctor: High blood pressure || id:ukb-b-14177",TRUE,"reported","igd",2,TRUE
"rs35942721","T","C","T","C",-0.00741305,-0.0172,0.290862,0.289389,FALSE,FALSE,FALSE,"ebi-a-GCST006867","3","48173069",0.0087,62892,0.04772,"Type 2 diabetes || id:ebi-a-GCST006867","Type 2 diabetes","Type 2 diabetes ||  || ",TRUE,"igd",NA,NA,NA,NA,NA,NA,NA,1.39991e-13,"3",0.00100286,461880,48173069,"ukb-b-14177","Vascular/heart problems diagnosed by doctor: High blood pressure || id:ukb-b-14177",TRUE,"reported","igd",2,TRUE
"rs360153","C","T","C","T",0.00776697,-0.0012,0.579276,0.576253,FALSE,FALSE,FALSE,"ebi-a-GCST006867","11","9773568",0.008,62892,0.8824,"Type 2 diabetes || id:ebi-a-GCST006867","Type 2 diabetes","Type 2 diabetes ||  || ",TRUE,"igd",TRUE,"rs360153","rs360137","T","C","T","C",3.50026e-17,"11",0.000921522,461880,9762274,"ukb-b-14177","Vascular/heart problems diagnosed by doctor: High blood pressure || id:ukb-b-14177",TRUE,"reported","igd",2,TRUE
"rs36071027","T","C","T","C",-0.0068816,-0.0039,0.35795,0.357939,FALSE,FALSE,FALSE,"ebi-a-GCST006867","5","158444274",0.0081,62892,0.6284,"Type 2 diabetes || id:ebi-a-GCST006867","Type 2 diabetes","Type 2 diabetes ||  || ",TRUE,"igd",NA,NA,NA,NA,NA,NA,NA,4.49987e-13,"5",0.000950523,461880,158444274,"ukb-b-14177","Vascular/heart problems diagnosed by doctor: High blood pressure || id:ukb-b-14177",TRUE,"reported","igd",2,TRUE
"rs36109400","A","G","A","G",0.00714589,0.0023,0.151999,0.151469,FALSE,FALSE,FALSE,"ebi-a-GCST006867","1","27247822",0.0109,62892,0.8344,"Type 2 diabetes || id:ebi-a-GCST006867","Type 2 diabetes","Type 2 diabetes ||  || ",TRUE,"igd",NA,NA,NA,NA,NA,NA,NA,1.6e-08,"1",0.0012654,461880,27247822,"ukb-b-14177","Vascular/heart problems diagnosed by doctor: High blood pressure || id:ukb-b-14177",TRUE,"reported","igd",2,TRUE
"rs3735533","C","T","C","T",0.0171561,-0.0255,0.926695,0.926254,FALSE,FALSE,FALSE,"ebi-a-GCST006867","7","27245893",0.0135,62892,0.0585396,"Type 2 diabetes || id:ebi-a-GCST006867","Type 2 diabetes","Type 2 diabetes ||  || ",TRUE,"igd",NA,NA,NA,NA,NA,NA,NA,7.39946e-23,"7",0.00174317,461880,27245893,"ukb-b-14177","Vascular/heart problems diagnosed by doctor: High blood pressure || id:ukb-b-14177",TRUE,"reported","igd",2,TRUE
"rs3759582","C","A","C","A",-0.00839828,-0.0322,0.127726,0.126777,FALSE,FALSE,FALSE,"ebi-a-GCST006867","14","103989892",0.0115,62892,0.00516702,"Type 2 diabetes || id:ebi-a-GCST006867","Type 2 diabetes","Type 2 diabetes ||  || ",TRUE,"igd",NA,NA,NA,NA,NA,NA,NA,8.30004e-10,"14",0.00136812,461880,103989892,"ukb-b-14177","Vascular/heart problems diagnosed by doctor: High blood pressure || id:ukb-b-14177",TRUE,"reported","igd",2,TRUE
"rs3764769","T","C","T","C",-0.00707535,0.0144,0.262026,0.26086,FALSE,FALSE,FALSE,"ebi-a-GCST006867","2","43732958",0.0089,62892,0.1039,"Type 2 diabetes || id:ebi-a-GCST006867","Type 2 diabetes","Type 2 diabetes ||  || ",TRUE,"igd",NA,NA,NA,NA,NA,NA,NA,8.19974e-12,"2",0.00103527,461880,43732958,"ukb-b-14177","Vascular/heart problems diagnosed by doctor: High blood pressure || id:ukb-b-14177",TRUE,"reported","igd",2,TRUE
"rs3773220","T","C","T","C",-0.00563132,0.0063,0.27063,0.26821,FALSE,FALSE,FALSE,"ebi-a-GCST006867","3","78701803",0.0089,62892,0.4784,"Type 2 diabetes || id:ebi-a-GCST006867","Type 2 diabetes","Type 2 diabetes ||  || ",TRUE,"igd",NA,NA,NA,NA,NA,NA,NA,4.39997e-08,"3",0.0010284,461880,78701803,"ukb-b-14177","Vascular/heart problems diagnosed by doctor: High blood pressure || id:ukb-b-14177",TRUE,"reported","igd",2,TRUE
"rs3785837","A","G","A","G",0.00723338,0.0069,0.766032,0.768999,FALSE,FALSE,FALSE,"ebi-a-GCST006867","17","59468942",0.0094,62892,0.4596,"Type 2 diabetes || id:ebi-a-GCST006867","Type 2 diabetes","Type 2 diabetes ||  || ",TRUE,"igd",NA,NA,NA,NA,NA,NA,NA,2.90001e-11,"17",0.0010876,461880,59468942,"ukb-b-14177","Vascular/heart problems diagnosed by doctor: High blood pressure || id:ukb-b-14177",TRUE,"reported","igd",2,TRUE
"rs3803266","C","G","C","G",-0.00776263,0.002,0.767914,0.769084,FALSE,TRUE,FALSE,"ebi-a-GCST006867","13","30154349",0.0093,62892,0.8332,"Type 2 diabetes || id:ebi-a-GCST006867","Type 2 diabetes","Type 2 diabetes ||  || ",TRUE,"igd",NA,NA,NA,NA,NA,NA,NA,6.29941e-13,"13",0.00107899,461880,30154349,"ukb-b-14177","Vascular/heart problems diagnosed by doctor: High blood pressure || id:ukb-b-14177",TRUE,"reported","igd",2,TRUE
"rs3809060","T","G","T","G",0.00548006,0.0215,0.37597,0.37233,FALSE,FALSE,FALSE,"ebi-a-GCST006867","11","32458807",0.0074,62892,0.00366497,"Type 2 diabetes || id:ebi-a-GCST006867","Type 2 diabetes","Type 2 diabetes ||  || ",TRUE,"igd",NA,NA,NA,NA,NA,NA,NA,5.89997e-09,"11",0.00094176,461880,32458807,"ukb-b-14177","Vascular/heart problems diagnosed by doctor: High blood pressure || id:ukb-b-14177",TRUE,"reported","igd",2,TRUE
"rs3863105","C","T","C","T",0.00610305,0.0068,0.67425,0.674875,FALSE,FALSE,FALSE,"ebi-a-GCST006867","3","169283495",0.0084,62892,0.4216,"Type 2 diabetes || id:ebi-a-GCST006867","Type 2 diabetes","Type 2 diabetes ||  || ",TRUE,"igd",NA,NA,NA,NA,NA,NA,NA,4e-10,"3",0.000976113,461880,169283495,"ukb-b-14177","Vascular/heart problems diagnosed by doctor: High blood pressure || id:ukb-b-14177",TRUE,"reported","igd",2,TRUE
"rs3891783","G","C","G","C",-0.009838,-0.0067,0.435514,0.434078,FALSE,TRUE,TRUE,"ebi-a-GCST006867","10","96015793",0.0078,62892,0.3892,"Type 2 diabetes || id:ebi-a-GCST006867","Type 2 diabetes","Type 2 diabetes ||  || ",TRUE,"igd",NA,NA,NA,NA,NA,NA,NA,8.00018e-27,"10",0.000917495,461880,96015793,"ukb-b-14177","Vascular/heart problems diagnosed by doctor: High blood pressure || id:ukb-b-14177",TRUE,"reported","igd",2,FALSE
"rs3897821","G","A","G","A",0.00606641,0.0044,0.333791,0.333437,FALSE,FALSE,FALSE,"ebi-a-GCST006867","1","243420388",0.0083,62892,0.6003,"Type 2 diabetes || id:ebi-a-GCST006867","Type 2 diabetes","Type 2 diabetes ||  || ",TRUE,"igd",NA,NA,NA,NA,NA,NA,NA,2.99999e-10,"1",0.000963065,461880,243420388,"ukb-b-14177","Vascular/heart problems diagnosed by doctor: High blood pressure || id:ukb-b-14177",TRUE,"reported","igd",2,TRUE
"rs4351718","G","A","G","A",0.00599714,-0.0037,0.227875,0.225575,FALSE,FALSE,FALSE,"ebi-a-GCST006867","1","234093694",0.0097,62892,0.7,"Type 2 diabetes || id:ebi-a-GCST006867","Type 2 diabetes","Type 2 diabetes ||  || ",TRUE,"igd",NA,NA,NA,NA,NA,NA,NA,3.40001e-08,"1",0.00108632,461880,234093694,"ukb-b-14177","Vascular/heart problems diagnosed by doctor: High blood pressure || id:ukb-b-14177",TRUE,"reported","igd",2,TRUE
"rs4675682","C","T","C","T",0.00545834,-5e-04,0.461002,0.46151,FALSE,FALSE,FALSE,"ebi-a-GCST006867","2","208402750",0.0076,62892,0.9445,"Type 2 diabetes || id:ebi-a-GCST006867","Type 2 diabetes","Type 2 diabetes ||  || ",TRUE,"igd",NA,NA,NA,NA,NA,NA,NA,2.1e-09,"2",0.000911389,461880,208402750,"ukb-b-14177","Vascular/heart problems diagnosed by doctor: High blood pressure || id:ukb-b-14177",TRUE,"reported","igd",2,TRUE
"rs4739633","A","T","A","T",-0.00542436,-0.0068,0.41659,0.416259,FALSE,TRUE,FALSE,"ebi-a-GCST006867","8","82854711",0.008,62892,0.393,"Type 2 diabetes || id:ebi-a-GCST006867","Type 2 diabetes","Type 2 diabetes ||  || ",TRUE,"igd",NA,NA,NA,NA,NA,NA,NA,4.20001e-09,"8",0.000923263,461880,82854711,"ukb-b-14177","Vascular/heart problems diagnosed by doctor: High blood pressure || id:ukb-b-14177",TRUE,"reported","igd",2,TRUE
"rs474328","T","C","T","C",0.00613931,0.0148,0.30849,0.308575,FALSE,FALSE,FALSE,"ebi-a-GCST006867","1","193240205",0.0085,62892,0.0795701,"Type 2 diabetes || id:ebi-a-GCST006867","Type 2 diabetes","Type 2 diabetes ||  || ",TRUE,"igd",NA,NA,NA,NA,NA,NA,NA,4.20001e-10,"1",0.000983053,461880,193240205,"ukb-b-14177","Vascular/heart problems diagnosed by doctor: High blood pressure || id:ukb-b-14177",TRUE,"reported","igd",2,TRUE
"rs4767288","G","A","G","A",-0.00554134,-0.0031,0.688229,0.687585,FALSE,FALSE,FALSE,"ebi-a-GCST006867","12","115437761",0.0084,62892,0.710901,"Type 2 diabetes || id:ebi-a-GCST006867","Type 2 diabetes","Type 2 diabetes ||  || ",TRUE,"igd",NA,NA,NA,NA,NA,NA,NA,1.79999e-08,"12",0.000983808,461880,115437761,"ukb-b-14177","Vascular/heart problems diagnosed by doctor: High blood pressure || id:ukb-b-14177",TRUE,"reported","igd",2,TRUE
"rs4775373","C","T","C","T",-0.00558553,-0.0186,0.638003,0.638149,FALSE,FALSE,FALSE,"ebi-a-GCST006867","15","61476936",0.0081,62892,0.0224202,"Type 2 diabetes || id:ebi-a-GCST006867","Type 2 diabetes","Type 2 diabetes ||  || ",TRUE,"igd",NA,NA,NA,NA,NA,NA,NA,4e-09,"15",0.000949413,461880,61476936,"ukb-b-14177","Vascular/heart problems diagnosed by doctor: High blood pressure || id:ukb-b-14177",TRUE,"reported","igd",2,TRUE
"rs4841436","A","C","A","C",-0.00807603,-0.0429,0.597755,0.595382,FALSE,FALSE,FALSE,"ebi-a-GCST006867","8","10594474",0.0076,62892,1.637e-08,"Type 2 diabetes || id:ebi-a-GCST006867","Type 2 diabetes","Type 2 diabetes ||  || ",TRUE,"igd",NA,NA,NA,NA,NA,NA,NA,4.70002e-18,"8",0.000932548,461880,10594474,"ukb-b-14177","Vascular/heart problems diagnosed by doctor: High blood pressure || id:ukb-b-14177",TRUE,"reported","igd",2,TRUE
"rs4883481","C","T","C","T",-0.0077377,-0.0042,0.627658,0.627203,FALSE,FALSE,FALSE,"ebi-a-GCST006867","12","50574311",0.0081,62892,0.6067,"Type 2 diabetes || id:ebi-a-GCST006867","Type 2 diabetes","Type 2 diabetes ||  || ",TRUE,"igd",NA,NA,NA,NA,NA,NA,NA,1.80011e-16,"12",0.000939982,461880,50574311,"ukb-b-14177","Vascular/heart problems diagnosed by doctor: High blood pressure || id:ukb-b-14177",TRUE,"reported","igd",2,TRUE
"rs5020545","T","C","T","C",-0.00512744,-0.0021,0.446571,0.446785,FALSE,FALSE,FALSE,"ebi-a-GCST006867","4","77414988",0.0079,62892,0.7934,"Type 2 diabetes || id:ebi-a-GCST006867","Type 2 diabetes","Type 2 diabetes ||  || ",TRUE,"igd",NA,NA,NA,NA,NA,NA,NA,2.19999e-08,"4",0.000916225,461880,77414988,"ukb-b-14177","Vascular/heart problems diagnosed by doctor: High blood pressure || id:ukb-b-14177",TRUE,"reported","igd",2,TRUE
"rs529432","C","G","C","G",-0.00606763,-0.0192,0.69071,0.692025,FALSE,TRUE,FALSE,"ebi-a-GCST006867","4","2713004",0.0085,62892,0.0234601,"Type 2 diabetes || id:ebi-a-GCST006867","Type 2 diabetes","Type 2 diabetes ||  || ",TRUE,"igd",NA,NA,NA,NA,NA,NA,NA,6.90001e-10,"4",0.00098369,461880,2713004,"ukb-b-14177","Vascular/heart problems diagnosed by doctor: High blood pressure || id:ukb-b-14177",TRUE,"reported","igd",2,TRUE
"rs537244","T","G","T","G",-0.00709478,-0.0085,0.570776,0.571732,FALSE,FALSE,FALSE,"ebi-a-GCST006867","15","41469313",0.0079,62892,0.2833,"Type 2 diabetes || id:ebi-a-GCST006867","Type 2 diabetes","Type 2 diabetes ||  || ",TRUE,"igd",NA,NA,NA,NA,NA,NA,NA,1.20005e-14,"15",0.000919889,461880,41469313,"ukb-b-14177","Vascular/heart problems diagnosed by doctor: High blood pressure || id:ukb-b-14177",TRUE,"reported","igd",2,TRUE
"rs557675","G","T","G","T",-0.00746441,-0.0177,0.470428,0.469272,FALSE,FALSE,FALSE,"ebi-a-GCST006867","11","65566719",0.0072,62892,0.0141101,"Type 2 diabetes || id:ebi-a-GCST006867","Type 2 diabetes","Type 2 diabetes ||  || ",TRUE,"igd",NA,NA,NA,NA,NA,NA,NA,2.80027e-16,"11",0.000912232,461880,65566719,"ukb-b-14177","Vascular/heart problems diagnosed by doctor: High blood pressure || id:ukb-b-14177",TRUE,"reported","igd",2,TRUE
"rs55872725","T","C","T","C",0.00925255,0.1041,0.403657,0.404492,FALSE,FALSE,FALSE,"ebi-a-GCST006867","16","53809123",0.0078,62892,5.41128e-41,"Type 2 diabetes || id:ebi-a-GCST006867","Type 2 diabetes","Type 2 diabetes ||  || ",TRUE,"igd",NA,NA,NA,NA,NA,NA,NA,1.9002e-23,"16",0.0009272,461880,53809123,"ukb-b-14177","Vascular/heart problems diagnosed by doctor: High blood pressure || id:ukb-b-14177",TRUE,"reported","igd",2,TRUE
"rs56388530","T","C","T","C",0.00905385,0.0021,0.759383,0.760016,FALSE,FALSE,FALSE,"ebi-a-GCST006867","4","106910958",0.0092,62892,0.8193,"Type 2 diabetes || id:ebi-a-GCST006867","Type 2 diabetes","Type 2 diabetes ||  || ",TRUE,"igd",NA,NA,NA,NA,NA,NA,NA,1.69981e-17,"4",0.00106321,461880,106910958,"ukb-b-14177","Vascular/heart problems diagnosed by doctor: High blood pressure || id:ukb-b-14177",TRUE,"reported","igd",2,TRUE
"rs6026742","A","G","A","G",0.0194567,0.0054,0.11767,0.117721,FALSE,FALSE,FALSE,"ebi-a-GCST006867","20","57740605",0.0109,62892,0.619001,"Type 2 diabetes || id:ebi-a-GCST006867","Type 2 diabetes","Type 2 diabetes ||  || ",TRUE,"igd",NA,NA,NA,NA,NA,NA,NA,8.80035e-43,"20",0.00141916,461880,57740605,"ukb-b-14177","Vascular/heart problems diagnosed by doctor: High blood pressure || id:ukb-b-14177",TRUE,"reported","igd",2,TRUE
"rs6031431","G","A","G","A",0.00713656,-0.0046,0.460559,0.459912,FALSE,FALSE,FALSE,"ebi-a-GCST006867","20","42795152",0.0079,62892,0.5571,"Type 2 diabetes || id:ebi-a-GCST006867","Type 2 diabetes","Type 2 diabetes ||  || ",TRUE,"igd",NA,NA,NA,NA,NA,NA,NA,7.8001e-15,"20",0.000918449,461880,42795152,"ukb-b-14177","Vascular/heart problems diagnosed by doctor: High blood pressure || id:ukb-b-14177",TRUE,"reported","igd",2,TRUE
"rs604723","C","T","C","T",0.0145714,0.007,0.725079,0.724596,FALSE,FALSE,FALSE,"ebi-a-GCST006867","11","100610546",0.0077,62892,0.3684,"Type 2 diabetes || id:ebi-a-GCST006867","Type 2 diabetes","Type 2 diabetes ||  || ",TRUE,"igd",NA,NA,NA,NA,NA,NA,NA,7.70016e-46,"11",0.00102527,461880,100610546,"ukb-b-14177","Vascular/heart problems diagnosed by doctor: High blood pressure || id:ukb-b-14177",TRUE,"reported","igd",2,TRUE
"rs6090907","A","G","A","G",-0.00775382,-0.0053,0.149807,0.14852,FALSE,FALSE,FALSE,"ebi-a-GCST006867","20","47410231",0.0111,62892,0.6293,"Type 2 diabetes || id:ebi-a-GCST006867","Type 2 diabetes","Type 2 diabetes ||  || ",TRUE,"igd",NA,NA,NA,NA,NA,NA,NA,1.29999e-09,"20",0.00127804,461880,47410231,"ukb-b-14177","Vascular/heart problems diagnosed by doctor: High blood pressure || id:ukb-b-14177",TRUE,"reported","igd",2,TRUE
"rs6108168","A","C","A","C",-0.0102366,-0.0033,0.254412,0.253762,FALSE,FALSE,FALSE,"ebi-a-GCST006867","20","8626271",0.009,62892,0.716901,"Type 2 diabetes || id:ebi-a-GCST006867","Type 2 diabetes","Type 2 diabetes ||  || ",TRUE,"igd",NA,NA,NA,NA,NA,NA,NA,1.10002e-22,"20",0.00104436,461880,8626271,"ukb-b-14177","Vascular/heart problems diagnosed by doctor: High blood pressure || id:ukb-b-14177",TRUE,"reported","igd",2,TRUE
"rs61772592","G","A","G","A",0.00887815,0.0157,0.123825,0.12307,FALSE,FALSE,FALSE,"ebi-a-GCST006867","1","56979681",0.0127,62892,0.2178,"Type 2 diabetes || id:ebi-a-GCST006867","Type 2 diabetes","Type 2 diabetes ||  || ",TRUE,"igd",NA,NA,NA,NA,NA,NA,NA,1.5e-10,"1",0.00138537,461880,56979681,"ukb-b-14177","Vascular/heart problems diagnosed by doctor: High blood pressure || id:ukb-b-14177",TRUE,"reported","igd",2,TRUE
"rs62039768","A","C","A","C",0.0108081,-0.015,0.096348,0.0950164,FALSE,FALSE,FALSE,"ebi-a-GCST006867","16","51560761",0.0134,62892,0.2645,"Type 2 diabetes || id:ebi-a-GCST006867","Type 2 diabetes","Type 2 diabetes ||  || ",TRUE,"igd",NA,NA,NA,NA,NA,NA,NA,3.59998e-12,"16",0.00155489,461880,51560761,"ukb-b-14177","Vascular/heart problems diagnosed by doctor: High blood pressure || id:ukb-b-14177",TRUE,"reported","igd",2,TRUE
"rs62189015","C","T","C","T",-0.00985817,-0.0105,0.101179,0.099608,FALSE,FALSE,FALSE,"ebi-a-GCST006867","2","162587828",0.0131,62892,0.4226,"Type 2 diabetes || id:ebi-a-GCST006867","Type 2 diabetes","Type 2 diabetes ||  || ",TRUE,"igd",TRUE,"rs62189015","rs72877309","C","T","G","A",8.99912e-11,"2",0.00152083,461880,162583504,"ukb-b-14177","Vascular/heart problems diagnosed by doctor: High blood pressure || id:ukb-b-14177",TRUE,"reported","igd",2,TRUE
"rs62434129","T","A","T","A",-0.0194619,0.0027,0.0712,0.0706174,FALSE,TRUE,FALSE,"ebi-a-GCST006867","6","151008837",0.0153,62892,0.8622,"Type 2 diabetes || id:ebi-a-GCST006867","Type 2 diabetes","Type 2 diabetes ||  || ",TRUE,"igd",NA,NA,NA,NA,NA,NA,NA,3.80014e-28,"6",0.00176923,461880,151008837,"ukb-b-14177","Vascular/heart problems diagnosed by doctor: High blood pressure || id:ukb-b-14177",TRUE,"reported","igd",2,TRUE
"rs6441207","T","C","T","C",0.00537324,0.0135,0.40293,0.403212,FALSE,FALSE,FALSE,"ebi-a-GCST006867","3","158282459",0.0079,62892,0.0879103,"Type 2 diabetes || id:ebi-a-GCST006867","Type 2 diabetes","Type 2 diabetes ||  || ",TRUE,"igd",NA,NA,NA,NA,NA,NA,NA,6.90001e-09,"3",0.000927677,461880,158282459,"ukb-b-14177","Vascular/heart problems diagnosed by doctor: High blood pressure || id:ukb-b-14177",TRUE,"reported","igd",2,TRUE
"rs6456469","A","G","A","G",0.00522558,0.0022,0.543769,0.544344,FALSE,FALSE,FALSE,"ebi-a-GCST006867","6","22107290",0.0079,62892,0.7808,"Type 2 diabetes || id:ebi-a-GCST006867","Type 2 diabetes","Type 2 diabetes ||  || ",TRUE,"igd",NA,NA,NA,NA,NA,NA,NA,1.29999e-08,"6",0.000919739,461880,22107290,"ukb-b-14177","Vascular/heart problems diagnosed by doctor: High blood pressure || id:ukb-b-14177",TRUE,"reported","igd",2,TRUE
"rs6486119","C","T","C","T",0.0056181,0.0228,0.712534,0.713037,FALSE,FALSE,FALSE,"ebi-a-GCST006867","11","13323789",0.0087,62892,0.00859192,"Type 2 diabetes || id:ebi-a-GCST006867","Type 2 diabetes","Type 2 diabetes ||  || ",TRUE,"igd",NA,NA,NA,NA,NA,NA,NA,2.19999e-08,"11",0.00100467,461880,13323789,"ukb-b-14177","Vascular/heart problems diagnosed by doctor: High blood pressure || id:ukb-b-14177",TRUE,"reported","igd",2,TRUE
"rs675605","C","G","C","G",-0.0056152,0.003,0.712012,0.716546,FALSE,TRUE,FALSE,"ebi-a-GCST006867","13","110873556",0.0081,62892,0.713899,"Type 2 diabetes || id:ebi-a-GCST006867","Type 2 diabetes","Type 2 diabetes ||  || ",TRUE,"igd",NA,NA,NA,NA,NA,NA,NA,2.30001e-08,"13",0.00100499,461880,110873556,"ukb-b-14177","Vascular/heart problems diagnosed by doctor: High blood pressure || id:ukb-b-14177",TRUE,"reported","igd",2,TRUE
"rs6766859","T","C","T","C",-0.00599221,-0.0382,0.626859,0.629626,FALSE,FALSE,FALSE,"ebi-a-GCST006867","3","138055136",0.0082,62892,2.988e-06,"Type 2 diabetes || id:ebi-a-GCST006867","Type 2 diabetes","Type 2 diabetes ||  || ",TRUE,"igd",NA,NA,NA,NA,NA,NA,NA,2.30001e-10,"3",0.000945209,461880,138055136,"ukb-b-14177","Vascular/heart problems diagnosed by doctor: High blood pressure || id:ukb-b-14177",TRUE,"reported","igd",2,TRUE
"rs681343","T","C","T","C",0.00516345,-0.0144,0.50785,0.531978,FALSE,FALSE,FALSE,"ebi-a-GCST006867","19","49211969",0.0075,62892,0.0528397,"Type 2 diabetes || id:ebi-a-GCST006867","Type 2 diabetes","Type 2 diabetes ||  || ",TRUE,"igd",TRUE,"rs681343","rs676388","T","C","C","T",1.29999e-08,"19",0.000908497,461880,49206462,"ukb-b-14177","Vascular/heart problems diagnosed by doctor: High blood pressure || id:ukb-b-14177",TRUE,"reported","igd",2,TRUE
"rs682709","G","C","G","C",0.00770955,-0.0035,0.668073,0.671004,FALSE,TRUE,FALSE,"ebi-a-GCST006867","13","22294082",0.0084,62892,0.679301,"Type 2 diabetes || id:ebi-a-GCST006867","Type 2 diabetes","Type 2 diabetes ||  || ",TRUE,"igd",NA,NA,NA,NA,NA,NA,NA,3.19963e-15,"13",0.000978198,461880,22294082,"ukb-b-14177","Vascular/heart problems diagnosed by doctor: High blood pressure || id:ukb-b-14177",TRUE,"reported","igd",2,TRUE
"rs6848906","C","T","C","T",-0.0105152,-0.018,0.848797,0.849232,FALSE,FALSE,FALSE,"ebi-a-GCST006867","4","111386198",0.0109,62892,0.1008,"Type 2 diabetes || id:ebi-a-GCST006867","Type 2 diabetes","Type 2 diabetes ||  || ",TRUE,"igd",NA,NA,NA,NA,NA,NA,NA,1.10002e-16,"4",0.00126795,461880,111386198,"ukb-b-14177","Vascular/heart problems diagnosed by doctor: High blood pressure || id:ukb-b-14177",TRUE,"reported","igd",2,TRUE
"rs6860114","C","G","C","G",0.00678123,5e-04,0.410537,0.388084,FALSE,TRUE,FALSE,"ebi-a-GCST006867","5","127857493",0.0081,62892,0.9476,"Type 2 diabetes || id:ebi-a-GCST006867","Type 2 diabetes","Type 2 diabetes ||  || ",TRUE,"igd",TRUE,"rs6860114","rs17677603","C","G","G","A",2.60016e-13,"5",0.0009274,461880,127840991,"ukb-b-14177","Vascular/heart problems diagnosed by doctor: High blood pressure || id:ukb-b-14177",TRUE,"reported","igd",2,TRUE
"rs687991","C","G","C","G",-0.00615335,-0.0255,0.702505,0.70457,FALSE,TRUE,FALSE,"ebi-a-GCST006867","11","107320644",0.0086,62892,0.00302002,"Type 2 diabetes || id:ebi-a-GCST006867","Type 2 diabetes","Type 2 diabetes ||  || ",TRUE,"igd",NA,NA,NA,NA,NA,NA,NA,7.29995e-10,"11",0.000999175,461880,107320644,"ukb-b-14177","Vascular/heart problems diagnosed by doctor: High blood pressure || id:ukb-b-14177",TRUE,"reported","igd",2,TRUE
"rs6961048","G","C","G","C",0.011032,0.019,0.101297,0.101979,FALSE,TRUE,FALSE,"ebi-a-GCST006867","7","27328187",0.0127,62892,0.1326,"Type 2 diabetes || id:ebi-a-GCST006867","Type 2 diabetes","Type 2 diabetes ||  || ",TRUE,"igd",NA,NA,NA,NA,NA,NA,NA,2.49977e-13,"7",0.00150782,461880,27328187,"ukb-b-14177","Vascular/heart problems diagnosed by doctor: High blood pressure || id:ukb-b-14177",TRUE,"reported","igd",2,TRUE
"rs6983948","T","C","T","C",-0.00525658,-0.0363,0.528652,0.526457,FALSE,FALSE,FALSE,"ebi-a-GCST006867","8","95988209",0.0078,62892,3.35297e-06,"Type 2 diabetes || id:ebi-a-GCST006867","Type 2 diabetes","Type 2 diabetes ||  || ",TRUE,"igd",NA,NA,NA,NA,NA,NA,NA,7.79992e-09,"8",0.000910529,461880,95988209,"ukb-b-14177","Vascular/heart problems diagnosed by doctor: High blood pressure || id:ukb-b-14177",TRUE,"reported","igd",2,TRUE
"rs7009973","G","A","G","A",0.00554781,-0.0119,0.321744,0.319587,FALSE,FALSE,FALSE,"ebi-a-GCST006867","8","23374454",0.0077,62892,0.1231,"Type 2 diabetes || id:ebi-a-GCST006867","Type 2 diabetes","Type 2 diabetes ||  || ",TRUE,"igd",NA,NA,NA,NA,NA,NA,NA,1.29999e-08,"8",0.000974841,461880,23374454,"ukb-b-14177","Vascular/heart problems diagnosed by doctor: High blood pressure || id:ukb-b-14177",TRUE,"reported","igd",2,TRUE
"rs706406","A","C","A","C",0.00592865,-2e-04,0.389863,0.390059,FALSE,FALSE,FALSE,"ebi-a-GCST006867","1","56627288",0.008,62892,0.9777,"Type 2 diabetes || id:ebi-a-GCST006867","Type 2 diabetes","Type 2 diabetes ||  || ",TRUE,"igd",NA,NA,NA,NA,NA,NA,NA,2.19999e-10,"1",0.000933903,461880,56627288,"ukb-b-14177","Vascular/heart problems diagnosed by doctor: High blood pressure || id:ukb-b-14177",TRUE,"reported","igd",2,TRUE
"rs71318356","T","C","T","C",0.0189766,0.0181,0.022486,0.024687,FALSE,FALSE,FALSE,"ebi-a-GCST006867","3","183935625",0.025,62892,0.4694,"Type 2 diabetes || id:ebi-a-GCST006867","Type 2 diabetes","Type 2 diabetes ||  || ",TRUE,"igd",TRUE,"rs71318356","rs112791749","T","C","G","A",1.09999e-09,"3",0.0031125,461880,183875419,"ukb-b-14177","Vascular/heart problems diagnosed by doctor: High blood pressure || id:ukb-b-14177",TRUE,"reported","igd",2,TRUE
"rs7134677","T","C","T","C",-0.00961985,-0.0238,0.296634,0.296637,FALSE,FALSE,FALSE,"ebi-a-GCST006867","12","54441498",0.0086,62892,0.00575096,"Type 2 diabetes || id:ebi-a-GCST006867","Type 2 diabetes","Type 2 diabetes ||  || ",TRUE,"igd",NA,NA,NA,NA,NA,NA,NA,5.00035e-22,"12",0.000996956,461880,54441498,"ukb-b-14177","Vascular/heart problems diagnosed by doctor: High blood pressure || id:ukb-b-14177",TRUE,"reported","igd",2,TRUE
"rs7196548","G","T","G","T",0.00716362,0.0156,0.551027,0.551014,FALSE,FALSE,FALSE,"ebi-a-GCST006867","16","81609774",0.0079,62892,0.0482403,"Type 2 diabetes || id:ebi-a-GCST006867","Type 2 diabetes","Type 2 diabetes ||  || ",TRUE,"igd",NA,NA,NA,NA,NA,NA,NA,6.00067e-15,"16",0.000917956,461880,81609774,"ukb-b-14177","Vascular/heart problems diagnosed by doctor: High blood pressure || id:ukb-b-14177",TRUE,"reported","igd",2,TRUE
"rs7278003","C","T","C","T",0.00522573,0.0161,0.555392,0.55472,FALSE,FALSE,FALSE,"ebi-a-GCST006867","21","44966069",0.008,62892,0.0441103,"Type 2 diabetes || id:ebi-a-GCST006867","Type 2 diabetes","Type 2 diabetes ||  || ",TRUE,"igd",NA,NA,NA,NA,NA,NA,NA,1.2e-08,"21",0.000916326,461880,44966069,"ukb-b-14177","Vascular/heart problems diagnosed by doctor: High blood pressure || id:ukb-b-14177",TRUE,"reported","igd",2,TRUE
"rs72831343","G","T","G","T",-0.0203381,-0.0039,0.145099,0.144809,FALSE,FALSE,FALSE,"ebi-a-GCST006867","10","63515681",0.0111,62892,0.7268,"Type 2 diabetes || id:ebi-a-GCST006867","Type 2 diabetes","Type 2 diabetes ||  || ",TRUE,"igd",NA,NA,NA,NA,NA,NA,NA,5.60015e-56,"10",0.00129022,461880,63515681,"ukb-b-14177","Vascular/heart problems diagnosed by doctor: High blood pressure || id:ukb-b-14177",TRUE,"reported","igd",2,TRUE
"rs72915163","T","C","T","C",0.00802956,-0.0016,0.258501,0.255248,FALSE,FALSE,FALSE,"ebi-a-GCST006867","18","48792829",0.0091,62892,0.8615,"Type 2 diabetes || id:ebi-a-GCST006867","Type 2 diabetes","Type 2 diabetes ||  || ",TRUE,"igd",NA,NA,NA,NA,NA,NA,NA,2.29985e-14,"18",0.00105172,461880,48792829,"ukb-b-14177","Vascular/heart problems diagnosed by doctor: High blood pressure || id:ukb-b-14177",TRUE,"reported","igd",2,TRUE
"rs7310615","G","C","G","C",-0.0130544,-0.026,0.517527,0.516002,FALSE,TRUE,TRUE,"ebi-a-GCST006867","12","111865049",0.0079,62892,0.00102,"Type 2 diabetes || id:ebi-a-GCST006867","Type 2 diabetes","Type 2 diabetes ||  || ",TRUE,"igd",NA,NA,NA,NA,NA,NA,NA,3.90032e-46,"12",0.000915432,461880,111865049,"ukb-b-14177","Vascular/heart problems diagnosed by doctor: High blood pressure || id:ukb-b-14177",TRUE,"reported","igd",2,FALSE
"rs7340705","C","T","C","T",0.00683797,0.0223,0.323251,0.324391,FALSE,FALSE,FALSE,"ebi-a-GCST006867","3","53734443",0.0083,62892,0.00759801,"Type 2 diabetes || id:ebi-a-GCST006867","Type 2 diabetes","Type 2 diabetes ||  || ",TRUE,"igd",NA,NA,NA,NA,NA,NA,NA,2.80027e-12,"3",0.000978815,461880,53734443,"ukb-b-14177","Vascular/heart problems diagnosed by doctor: High blood pressure || id:ukb-b-14177",TRUE,"reported","igd",2,TRUE
"rs73728279","T","G","T","G",0.00801385,-0.0191,0.282743,0.281801,FALSE,FALSE,FALSE,"ebi-a-GCST006867","7","151411494",0.0087,62892,0.0275398,"Type 2 diabetes || id:ebi-a-GCST006867","Type 2 diabetes","Type 2 diabetes ||  || ",TRUE,"igd",NA,NA,NA,NA,NA,NA,NA,2.39994e-15,"7",0.00101178,461880,151411494,"ukb-b-14177","Vascular/heart problems diagnosed by doctor: High blood pressure || id:ukb-b-14177",TRUE,"reported","igd",2,TRUE
"rs740047","T","C","T","C",0.00696614,0.007,0.79951,0.799127,FALSE,FALSE,FALSE,"ebi-a-GCST006867","7","92230162",0.0098,62892,0.473,"Type 2 diabetes || id:ebi-a-GCST006867","Type 2 diabetes","Type 2 diabetes ||  || ",TRUE,"igd",NA,NA,NA,NA,NA,NA,NA,8.79995e-10,"7",0.00113653,461880,92230162,"ukb-b-14177","Vascular/heart problems diagnosed by doctor: High blood pressure || id:ukb-b-14177",TRUE,"reported","igd",2,TRUE
"rs74619517","A","G","A","G",0.00855703,0.0249,0.131778,0.130222,FALSE,FALSE,FALSE,"ebi-a-GCST006867","4","17865561",0.0116,62892,0.0312702,"Type 2 diabetes || id:ebi-a-GCST006867","Type 2 diabetes","Type 2 diabetes ||  || ",TRUE,"igd",NA,NA,NA,NA,NA,NA,NA,2e-10,"4",0.00134542,461880,17865561,"ukb-b-14177","Vascular/heart problems diagnosed by doctor: High blood pressure || id:ukb-b-14177",TRUE,"reported","igd",2,TRUE
"rs758445","T","C","T","C",-0.0109277,-0.0114,0.096315,0.0938988,FALSE,FALSE,FALSE,"ebi-a-GCST006867","16","4141127",0.0135,62892,0.3991,"Type 2 diabetes || id:ebi-a-GCST006867","Type 2 diabetes","Type 2 diabetes ||  || ",TRUE,"igd",NA,NA,NA,NA,NA,NA,NA,2.19989e-12,"16",0.00155622,461880,4141127,"ukb-b-14177","Vascular/heart problems diagnosed by doctor: High blood pressure || id:ukb-b-14177",TRUE,"reported","igd",2,TRUE
"rs76038906","T","G","T","G",0.0172333,0.0325,0.035064,0.0345817,FALSE,FALSE,FALSE,"ebi-a-GCST006867","9","113250200",0.0213,62892,0.1267,"Type 2 diabetes || id:ebi-a-GCST006867","Type 2 diabetes","Type 2 diabetes ||  || ",TRUE,"igd",NA,NA,NA,NA,NA,NA,NA,4.40048e-12,"9",0.00248885,461880,113250200,"ukb-b-14177","Vascular/heart problems diagnosed by doctor: High blood pressure || id:ukb-b-14177",TRUE,"reported","igd",2,TRUE
"rs7694531","G","A","G","A",-0.00509484,-0.0198,0.594352,0.594769,FALSE,FALSE,FALSE,"ebi-a-GCST006867","4","96087101",0.008,62892,0.0129599,"Type 2 diabetes || id:ebi-a-GCST006867","Type 2 diabetes","Type 2 diabetes ||  || ",TRUE,"igd",NA,NA,NA,NA,NA,NA,NA,3.79997e-08,"4",0.00092631,461880,96087101,"ukb-b-14177","Vascular/heart problems diagnosed by doctor: High blood pressure || id:ukb-b-14177",TRUE,"reported","igd",2,TRUE
"rs7700842","C","T","C","T",-0.0115074,-0.0244,0.371061,0.373223,FALSE,FALSE,FALSE,"ebi-a-GCST006867","5","157824183",0.0074,62892,0.001041,"Type 2 diabetes || id:ebi-a-GCST006867","Type 2 diabetes","Type 2 diabetes ||  || ",TRUE,"igd",NA,NA,NA,NA,NA,NA,NA,2.09991e-34,"5",0.000940788,461880,157824183,"ukb-b-14177","Vascular/heart problems diagnosed by doctor: High blood pressure || id:ukb-b-14177",TRUE,"reported","igd",2,TRUE
"rs7763558","A","G","A","G",0.00857597,0.0333,0.322101,0.322187,FALSE,FALSE,FALSE,"ebi-a-GCST006867","6","43349215",0.0083,62892,6.46994e-05,"Type 2 diabetes || id:ebi-a-GCST006867","Type 2 diabetes","Type 2 diabetes ||  || ",TRUE,"igd",NA,NA,NA,NA,NA,NA,NA,1.10002e-18,"6",0.000972332,461880,43349215,"ukb-b-14177","Vascular/heart problems diagnosed by doctor: High blood pressure || id:ukb-b-14177",TRUE,"reported","igd",2,TRUE
"rs7766070","A","C","A","C",0.0059364,0.1279,0.264364,0.26469,FALSE,FALSE,FALSE,"ebi-a-GCST006867","6","20686573",0.0087,62892,8.05564e-49,"Type 2 diabetes || id:ebi-a-GCST006867","Type 2 diabetes","Type 2 diabetes ||  || ",TRUE,"igd",NA,NA,NA,NA,NA,NA,NA,8.40001e-09,"6",0.00103045,461880,20686573,"ukb-b-14177","Vascular/heart problems diagnosed by doctor: High blood pressure || id:ukb-b-14177",TRUE,"reported","igd",2,TRUE
"rs7799613","G","C","G","C",-0.00589039,-0.0098,0.600638,0.601878,FALSE,TRUE,FALSE,"ebi-a-GCST006867","7","131190554",0.0081,62892,0.2219,"Type 2 diabetes || id:ebi-a-GCST006867","Type 2 diabetes","Type 2 diabetes ||  || ",TRUE,"igd",NA,NA,NA,NA,NA,NA,NA,2.90001e-10,"7",0.000934219,461880,131190554,"ukb-b-14177","Vascular/heart problems diagnosed by doctor: High blood pressure || id:ukb-b-14177",TRUE,"reported","igd",2,TRUE
"rs7803355","T","C","T","C",0.0121213,0.0356,0.114644,0.114826,FALSE,FALSE,FALSE,"ebi-a-GCST006867","7","7221775",0.012,62892,0.00302301,"Type 2 diabetes || id:ebi-a-GCST006867","Type 2 diabetes","Type 2 diabetes ||  || ",TRUE,"igd",NA,NA,NA,NA,NA,NA,NA,2.19989e-17,"7",0.00142916,461880,7221775,"ukb-b-14177","Vascular/heart problems diagnosed by doctor: High blood pressure || id:ukb-b-14177",TRUE,"reported","igd",2,TRUE
"rs7807797","G","A","G","A",-0.00775654,-0.0024,0.192863,0.192868,FALSE,FALSE,FALSE,"ebi-a-GCST006867","7","139462493",0.0099,62892,0.8091,"Type 2 diabetes || id:ebi-a-GCST006867","Type 2 diabetes","Type 2 diabetes ||  || ",TRUE,"igd",NA,NA,NA,NA,NA,NA,NA,1.69981e-11,"7",0.00115285,461880,139462493,"ukb-b-14177","Vascular/heart problems diagnosed by doctor: High blood pressure || id:ukb-b-14177",TRUE,"reported","igd",2,TRUE
"rs78151190","C","A","C","A",0.00845237,0.0149,0.128538,0.127654,FALSE,FALSE,FALSE,"ebi-a-GCST006867","6","25619007",0.0117,62892,0.2013,"Type 2 diabetes || id:ebi-a-GCST006867","Type 2 diabetes","Type 2 diabetes ||  || ",TRUE,"igd",NA,NA,NA,NA,NA,NA,NA,5e-10,"6",0.00135919,461880,25619007,"ukb-b-14177","Vascular/heart problems diagnosed by doctor: High blood pressure || id:ukb-b-14177",TRUE,"reported","igd",2,TRUE
"rs78307470","G","A","G","A",-0.0122029,-0.0069,0.071705,0.070929,FALSE,FALSE,FALSE,"ebi-a-GCST006867","3","168857633",0.0152,62892,0.653,"Type 2 diabetes || id:ebi-a-GCST006867","Type 2 diabetes","Type 2 diabetes ||  || ",TRUE,"igd",NA,NA,NA,NA,NA,NA,NA,5.19996e-12,"3",0.00176885,461880,168857633,"ukb-b-14177","Vascular/heart problems diagnosed by doctor: High blood pressure || id:ukb-b-14177",TRUE,"reported","igd",2,TRUE
"rs7831859","C","T","C","T",-0.00508014,-0.0056,0.428474,0.427399,FALSE,FALSE,FALSE,"ebi-a-GCST006867","8","101676642",0.0079,62892,0.4761,"Type 2 diabetes || id:ebi-a-GCST006867","Type 2 diabetes","Type 2 diabetes ||  || ",TRUE,"igd",NA,NA,NA,NA,NA,NA,NA,3.50002e-08,"8",0.00092111,461880,101676642,"ukb-b-14177","Vascular/heart problems diagnosed by doctor: High blood pressure || id:ukb-b-14177",TRUE,"reported","igd",2,TRUE
"rs7844259","A","G","A","G",0.00715739,0.0054,0.742174,0.745031,FALSE,FALSE,FALSE,"ebi-a-GCST006867","8","102749408",0.009,62892,0.5524,"Type 2 diabetes || id:ebi-a-GCST006867","Type 2 diabetes","Type 2 diabetes ||  || ",TRUE,"igd",NA,NA,NA,NA,NA,NA,NA,8.9002e-12,"8",0.00104887,461880,102749408,"ukb-b-14177","Vascular/heart problems diagnosed by doctor: High blood pressure || id:ukb-b-14177",TRUE,"reported","igd",2,TRUE
"rs7911644","T","C","T","C",0.00743127,-0.0027,0.330437,0.328951,FALSE,FALSE,FALSE,"ebi-a-GCST006867","10","18468589",0.0084,62892,0.7461,"Type 2 diabetes || id:ebi-a-GCST006867","Type 2 diabetes","Type 2 diabetes ||  || ",TRUE,"igd",NA,NA,NA,NA,NA,NA,NA,1.80011e-14,"10",0.000969616,461880,18468589,"ukb-b-14177","Vascular/heart problems diagnosed by doctor: High blood pressure || id:ukb-b-14177",TRUE,"reported","igd",2,TRUE
"rs8002514","A","G","A","G",0.00599133,-0.0094,0.235179,0.234477,FALSE,FALSE,FALSE,"ebi-a-GCST006867","13","115002305",0.0092,62892,0.3068,"Type 2 diabetes || id:ebi-a-GCST006867","Type 2 diabetes","Type 2 diabetes ||  || ",TRUE,"igd",NA,NA,NA,NA,NA,NA,NA,2.30001e-08,"13",0.00107249,461880,115002305,"ukb-b-14177","Vascular/heart problems diagnosed by doctor: High blood pressure || id:ukb-b-14177",TRUE,"reported","igd",2,TRUE
"rs8070737","T","G","T","G",0.00732188,0.0595,0.183024,0.181836,FALSE,FALSE,FALSE,"ebi-a-GCST006867","17","3981066",0.01,62892,2.97797e-09,"Type 2 diabetes || id:ebi-a-GCST006867","Type 2 diabetes","Type 2 diabetes ||  || ",TRUE,"igd",NA,NA,NA,NA,NA,NA,NA,4.90004e-10,"17",0.00117646,461880,3981066,"ukb-b-14177","Vascular/heart problems diagnosed by doctor: High blood pressure || id:ukb-b-14177",TRUE,"reported","igd",2,TRUE
"rs8073626","T","C","T","C",-0.00543355,-0.0281,0.532619,0.533473,FALSE,FALSE,FALSE,"ebi-a-GCST006867","17","76790279",0.0079,62892,0.0003425,"Type 2 diabetes || id:ebi-a-GCST006867","Type 2 diabetes","Type 2 diabetes ||  || ",TRUE,"igd",NA,NA,NA,NA,NA,NA,NA,2.69998e-09,"17",0.00091329,461880,76790279,"ukb-b-14177","Vascular/heart problems diagnosed by doctor: High blood pressure || id:ukb-b-14177",TRUE,"reported","igd",2,TRUE
"rs8081301","T","A","T","A",-0.00704479,-0.0589,0.275301,0.271902,FALSE,TRUE,FALSE,"ebi-a-GCST006867","17","47039302",0.0089,62892,4.55093e-11,"Type 2 diabetes || id:ebi-a-GCST006867","Type 2 diabetes","Type 2 diabetes ||  || ",TRUE,"igd",NA,NA,NA,NA,NA,NA,NA,5.90065e-12,"17",0.00102371,461880,47039302,"ukb-b-14177","Vascular/heart problems diagnosed by doctor: High blood pressure || id:ukb-b-14177",TRUE,"reported","igd",2,TRUE
"rs8138950","T","C","T","C",-0.0051585,-0.0022,0.516763,0.516156,FALSE,FALSE,FALSE,"ebi-a-GCST006867","22","29448643",0.0079,62892,0.7838,"Type 2 diabetes || id:ebi-a-GCST006867","Type 2 diabetes","Type 2 diabetes ||  || ",TRUE,"igd",NA,NA,NA,NA,NA,NA,NA,1.7e-08,"22",0.000915322,461880,29448643,"ukb-b-14177","Vascular/heart problems diagnosed by doctor: High blood pressure || id:ukb-b-14177",TRUE,"reported","igd",2,TRUE
"rs893929","A","G","A","G",-0.00702476,-0.0131,0.454503,0.453645,FALSE,FALSE,FALSE,"ebi-a-GCST006867","4","144187380",0.0079,62892,0.0976495,"Type 2 diabetes || id:ebi-a-GCST006867","Type 2 diabetes","Type 2 diabetes ||  || ",TRUE,"igd",NA,NA,NA,NA,NA,NA,NA,1.80011e-14,"4",0.000916161,461880,144187380,"ukb-b-14177","Vascular/heart problems diagnosed by doctor: High blood pressure || id:ukb-b-14177",TRUE,"reported","igd",2,TRUE
"rs906754","A","G","A","G",-0.00648139,-0.0072,0.251579,0.250381,FALSE,FALSE,FALSE,"ebi-a-GCST006867","5","63820119",0.0091,62892,0.425,"Type 2 diabetes || id:ebi-a-GCST006867","Type 2 diabetes","Type 2 diabetes ||  || ",TRUE,"igd",NA,NA,NA,NA,NA,NA,NA,6.4e-10,"5",0.00104867,461880,63820119,"ukb-b-14177","Vascular/heart problems diagnosed by doctor: High blood pressure || id:ukb-b-14177",TRUE,"reported","igd",2,TRUE
"rs9286351","G","A","G","A",0.00655057,-0.0034,0.417881,0.416907,FALSE,FALSE,FALSE,"ebi-a-GCST006867","4","138441530",0.0077,62892,0.6568,"Type 2 diabetes || id:ebi-a-GCST006867","Type 2 diabetes","Type 2 diabetes ||  || ",TRUE,"igd",NA,NA,NA,NA,NA,NA,NA,1.39991e-12,"4",0.00092415,461880,138441530,"ukb-b-14177","Vascular/heart problems diagnosed by doctor: High blood pressure || id:ukb-b-14177",TRUE,"reported","igd",2,TRUE
"rs9372846","G","C","G","C",0.0121054,-0.0192,0.437213,0.437387,FALSE,TRUE,TRUE,"ebi-a-GCST006867","6","127154752",0.0079,62892,0.01516,"Type 2 diabetes || id:ebi-a-GCST006867","Type 2 diabetes","Type 2 diabetes ||  || ",TRUE,"igd",NA,NA,NA,NA,NA,NA,NA,6.59933e-40,"6",0.000915604,461880,127154752,"ukb-b-14177","Vascular/heart problems diagnosed by doctor: High blood pressure || id:ukb-b-14177",TRUE,"reported","igd",2,FALSE
"rs9479072","T","C","T","C",-0.00526714,0.0018,0.59717,0.597503,FALSE,FALSE,FALSE,"ebi-a-GCST006867","6","151890789",0.008,62892,0.8243,"Type 2 diabetes || id:ebi-a-GCST006867","Type 2 diabetes","Type 2 diabetes ||  || ",TRUE,"igd",NA,NA,NA,NA,NA,NA,NA,1.29999e-08,"6",0.000926884,461880,151890789,"ukb-b-14177","Vascular/heart problems diagnosed by doctor: High blood pressure || id:ukb-b-14177",TRUE,"reported","igd",2,TRUE
"rs951914","C","G","C","G",0.00934139,0.0126,0.713879,0.714613,FALSE,TRUE,FALSE,"ebi-a-GCST006867","8","25878995",0.008,62892,0.1163,"Type 2 diabetes || id:ebi-a-GCST006867","Type 2 diabetes","Type 2 diabetes ||  || ",TRUE,"igd",NA,NA,NA,NA,NA,NA,NA,2.99985e-20,"8",0.0010131,461880,25878995,"ukb-b-14177","Vascular/heart problems diagnosed by doctor: High blood pressure || id:ukb-b-14177",TRUE,"reported","igd",2,TRUE
"rs954768","T","G","T","G",0.00596839,0.0083,0.25919,0.258469,FALSE,FALSE,FALSE,"ebi-a-GCST006867","5","3706197",0.0088,62892,0.3473,"Type 2 diabetes || id:ebi-a-GCST006867","Type 2 diabetes","Type 2 diabetes ||  || ",TRUE,"igd",NA,NA,NA,NA,NA,NA,NA,8.50002e-09,"5",0.00103661,461880,3706197,"ukb-b-14177","Vascular/heart problems diagnosed by doctor: High blood pressure || id:ukb-b-14177",TRUE,"reported","igd",2,TRUE
"rs971290","A","C","A","C",0.00634178,0.0235,0.209716,0.210005,FALSE,FALSE,FALSE,"ebi-a-GCST006867","14","69271969",0.0095,62892,0.0139101,"Type 2 diabetes || id:ebi-a-GCST006867","Type 2 diabetes","Type 2 diabetes ||  || ",TRUE,"igd",NA,NA,NA,NA,NA,NA,NA,1.5e-08,"14",0.00111909,461880,69271969,"ukb-b-14177","Vascular/heart problems diagnosed by doctor: High blood pressure || id:ukb-b-14177",TRUE,"reported","igd",2,TRUE
"rs9844972","C","G","C","G",0.0127486,0.0956,0.07123,0.0697229,FALSE,TRUE,FALSE,"ebi-a-GCST006867","3","150097635",0.0148,62892,1.02601e-10,"Type 2 diabetes || id:ebi-a-GCST006867","Type 2 diabetes","Type 2 diabetes ||  || ",TRUE,"igd",NA,NA,NA,NA,NA,NA,NA,1.39991e-12,"3",0.00179903,461880,150097635,"ukb-b-14177","Vascular/heart problems diagnosed by doctor: High blood pressure || id:ukb-b-14177",TRUE,"reported","igd",2,TRUE
"rs9952434","A","G","A","G",0.00748933,0.0203,0.130409,0.129326,FALSE,FALSE,FALSE,"ebi-a-GCST006867","18","19616025",0.0116,62892,0.0797095,"Type 2 diabetes || id:ebi-a-GCST006867","Type 2 diabetes","Type 2 diabetes ||  || ",TRUE,"igd",NA,NA,NA,NA,NA,NA,NA,3.29997e-08,"18",0.0013557,461880,19616025,"ukb-b-14177","Vascular/heart problems diagnosed by doctor: High blood pressure || id:ukb-b-14177",TRUE,"reported","igd",2,TRUE
